ID,dep_name,dep_name_prop,pop1872,pop1876,pop1881,pop1886,pop1891,pop1896,pop1901,pop1906,pop1911
01,AIN,Ain,363290,365462,363472,364408,356907,351569,347018,343233,339627
02,AISNE,Aisne,552439,560427,556891,555925,545493,541613,532353,530580,526788
03,ALLIER,Allier,390812,405783,416759,424582,424382,424378,419235,415835,405288
04,BASSES-ALPES,Basses-Alpes,139332,136166,131918,129494,124285,118142,110848,110307,103969
05,HAUTES-ALPES,Hautes-Alpes,118898,119094,121787,122924,115522,113229,106623,104710,100203
06,ALPES-MARITIMES,Alpes-Maritimes,199037,203604,226621,238057,258571,265155,318791,366568,400672
07,ARDECHE,Ardèche,380277,384378,376867,375472,371269,363501,348431,342817,327580
08,ARDENNES,Ardennes,320217,326782,333675,332759,324923,318865,313352,315410,316825
09,ARIEGE,Ariège,246298,244795,240601,237619,227491,219641,201951,198091,192478
10,AUBE,Aube,255687,255217,255326,257374,255548,251435,245209,242878,238690
11,AUDE,Aude,285927,300065,327942,332080,317372,310513,310689,306471,298164
12,AVEYRON,Aveyron,402474,413826,413075,415826,400467,389464,376516,370359,365239
13,BOUCHES-DU-RHONE,Bouches-du-Rhône,554911,556379,589028,604857,630622,673820,738178,769533,808166
14,CALVADOS,Calvados,454012,450220,439830,437267,428945,417176,405729,400481,393568
15,CANTAL,Cantal,231867,231086,236190,241742,239601,234382,218790,215588,208884
16,CHARENTE,Charente,367520,373950,370822,366408,360259,356236,345399,348767,343870
17,CHARENTE-INFERIEURE,Charente-Inférieure,465653,465628,466416,462803,456202,453455,447190,448340,445166
18,CHER,Cher,335392,345613,351405,355349,359276,347725,342782,341501,335139
19,CORREZE,Corrèze,302746,311525,317066,326494,328119,322393,304272,302253,291546
20,CORSE,Corse,258507,262701,272639,278501,288596,290168,278072,272157,270218
21,COTE-D'OR,Côte-d'Or,374510,377663,382819,381574,376866,368168,357354,354587,345958
22,COTES-DU-NORD,Côtes-du-Nord,622295,630957,627585,628256,618652,616074,594691,599370,592840
23,CREUSE,Creuse,274663,278423,278782,284942,284660,279366,258952,259630,250600
24,DORDOGNE,Dordogne,480141,489848,495037,492205,478471,464822,447827,443238,434186
25,DOUBS,Doubs,291251,306094,310827,310963,303081,302046,294567,296695,295638
26,DROME,Drôme,320417,321756,313763,314615,306419,303491,294112,292939,288134
27,EURE,Eure,377874,373629,364291,358829,349471,340652,328854,325825,318809
28,EURE-ET-LOIR,Eure-et-Loir,282622,283075,280097,283719,284683,280469,272523,270224,268935
29,FINISTERE,Finistère,642963,666106,681564,707820,727012,739648,760489,784415,795308
30,GARD,Gard,420131,423804,415629,417099,419388,416036,417157,418165,407989
31,HAUTE-GARONNE,Haute-Garonne,479362,477730,478009,481169,472383,459377,439459,434207,423635
32,GERS,Gers,284717,283546,281532,274391,261084,250472,236581,229873,221158
33,GIRONDE,Gironde,705149,735242,748703,775845,793528,809902,818679,820938,826208
34,HERAULT,Hérault,429878,445053,441527,439044,461651,469684,487786,481117,478180
35,ILLE-ET-VILAINE,Ille-et-Vilaine,589532,602712,615480,621384,626875,622039,608649,608699,603287
36,INDRE,Indre,277693,281248,287705,296147,292868,289206,286412,288741,285350
37,INDRE-ET-LOIRE,Indre-et-Loire,317027,324875,329160,340921,337298,337064,333362,337032,339051
38,ISERE,Isère,575784,581099,580271,581680,572145,568933,561320,557377,550164
39,JURA,Jura,287634,288823,285263,281292,273028,266143,259018,255762,249999
40,LANDES,Landes,300528,303508,301143,302266,297842,292884,292370,292848,288431
41,LOIR-ET-CHER,Loir-et-Cher,268801,272634,275713,279214,280358,278153,274161,274614,269486
42,LOIRE,Loire,550611,590613,599836,603384,616227,625336,641922,640772,637425
43,HAUTE-LOIRE,Haute-Loire,308732,313721,316461,320063,316735,316699,306118,309936,298942
44,LOIRE-INFERIEURE,Loire-Inférieure,602206,612972,625625,643884,645099,646172,651515,661631,666385
45,LOIRET,Loiret,353021,360903,368526,374875,377718,371019,363579,361407,360823
46,LOT,Lot,281404,276512,280269,271514,253885,240403,223411,213096,202402
47,LOT-ET-GARONNE,Lot-et-Garonne,319289,316920,312081,307437,295360,286377,276882,272170,265192
48,LOZERE,Lozère,135190,138319,143565,141264,135527,132151,123879,123560,117301
49,MAINE-ET-LOIRE,Maine-et-Loire,518471,517258,523491,527680,518589,514870,509059,512014,506905
50,MANCHE,Manche,544776,539910,526377,520865,513815,500052,485875,484625,474132
51,MARNE,Marne,386157,407780,421800,429494,434692,439577,430158,431903,431832
52,HAUTE-MARNE,Haute-Marne,251196,252448,254876,247781,243533,232057,224805,220001,212962
53,MAYENNE,Mayenne,350637,351933,344881,340063,332387,321187,310137,304068,295908
54,MEURTHE-ET-MOSELLE,Meurthe-et-Moselle,365137,404609,419317,431693,444150,466417,483840,513984,561060
55,MEUSE,Meuse,284725,294054,289861,291971,292253,290384,277230,275945,274706
56,MORBIHAN,Morbihan,490352,506573,521614,535256,544470,552028,555519,564529,570465
58,NIEVRE,Nièvre,339917,346822,347576,347645,343581,333899,319074,311259,296691
59,NORD,Nord,1447764,1519585,1603259,1670184,1736341,1811868,1853365,1882219,1953413
60,OISE,Oise,396801,401618,404555,403146,401835,404511,404120,406554,407681
61,ORNE,Orne,398250,392526,376126,367248,354387,339162,321764,311802,304152
62,PAS-DE-CALAIS,Pas-de-Calais,761158,793140,819022,853526,874364,906249,940303,1009371,1059824
63,PUY-DE-DOME,Puy-de-Dôme,566463,570207,566064,570964,564266,555078,525144,521287,512747
64,BASSES-PYRENEES,Basses-Pyrénées,426700,431525,434366,432999,425027,423572,423487,423493,430437
65,HAUTES-PYRENEES,Hautes-Pyrénées,235156,238037,236474,234825,225861,218973,211063,206023,202267
66,PYRENEES-ORIENTALES,Pyrénées-Orientales,191856,197940,208855,211187,210125,208387,209515,211788,211737
69,RHONE,Rhône,670247,705131,741470,772912,806737,839329,827706,835150,903864
70,HAUTE-SAONE,Haute-Saône,303088,304052,295905,290954,280856,272891,264356,262560,255883
71,SAONE-ET-LOIRE,Saône-et-Loire,598344,614309,625589,625885,619523,621237,614813,606326,599279
72,SARTHE,Sarthe,446603,446239,438917,436111,429737,425077,421080,420259,416383
73,SAVOIE,Savoie,267958,268361,266438,267428,263297,259790,250713,248678,242090
74,HAUTE-SAVOIE,Haute-Savoie,273027,273801,274087,275018,268267,265872,258094,256549,251865
75,SEINE,Seine,2220060,2410849,2799329,2961089,3141595,3340514,3591306,3788566,4090028
76,SEINE-INFERIEURE,Seine-Inférieure,790022,798414,814068,833386,866876,837824,838887,850643,865571
77,SEINE-ET-MARNE,Seine-et-Marne,341490,347323,348991,355136,356709,359044,353939,357012,357966
78,SEINE-ET-OISE,Seine-et-Oise,580180,561990,577798,618089,628590,669098,700601,742436,806103
79,DEUX-SEVRES,Deux-Sèvres,331243,336655,350103,353766,354282,346694,339128,337690,335115
80,SOMME,Somme,557015,556641,550837,548982,546495,543279,530315,528522,514929
81,TARN,Tarn,352718,359232,359223,358757,346739,339827,326134,326782,319179
82,TARN-ET-GARONNE,Tarn-et-Garonne,221610,221364,217056,214046,206596,200390,193905,187079,181186
83,VAR,Var,293757,295763,288577,283689,288336,309191,323673,322933,332879
84,VAUCLUSE,Vaucluse,263451,255703,244149,241787,235411,236313,234435,238157,237184
85,VENDEE,Vendée,401446,411781,421642,434808,442355,441735,439435,442035,436814
86,VIENNE,Vienne,320598,330916,340295,342785,344355,338114,333933,331732,330507
87,HAUTE-VIENNE,Haute-Vienne,322447,336061,349332,363182,372878,375724,371997,379911,378629
88,VOSGES,Vosges,392988,407082,406862,413707,410196,421412,418800,428438,432035
89,YONNE,Yonne,363608,359070,357029,355364,344688,332656,318164,312583,300542
90,TERRITOIRE-DE-BELFORT,Territoire-de-Belfort,56781,68600,74244,79758,83670,88047,91859,95000,101287