ID,Code du département,Libellé du département,Code de la circonscription,Libellé de la circonscription,Inscrits,Abstentions,% Abs/Ins,Votants,% Vot/Ins,Blancs et nuls,% BlNuls/Ins,% BlNuls/Vot,Exprimés,% Exp/Ins,% Exp/Vot,Hollande Voix,Hollande % Voix/Ins,Hollande % Voix/Exp,Sakozy Voix,Sakozy % Voix/Ins,Sakozy % Voix/Exp
01001,1,AIN,1,1ère circonscription,79024,13205,"16,71",65819,"83,29",4142,"5,24","6,29",61677,"78,05","93,71",27511,"34,81","44,6",34166,"43,23","55,4"
01002,1,AIN,2,2ème circonscription,86845,13775,"15,86",73070,"84,14",4075,"4,69","5,58",68995,"79,45","94,42",28617,"32,95","41,48",40378,"46,49","58,52"
01003,1,AIN,3,3ème circonscription,69858,12990,"18,59",56868,"81,41",3145,"4,5","5,53",53723,"76,9","94,47",23444,"33,56","43,64",30279,"43,34","56,36"
01004,1,AIN,4,4ème circonscription,84501,13608,"16,1",70893,"83,9",4253,"5,03",6,66640,"78,86",94,26262,"31,08","39,41",40378,"47,78","60,59"
01005,1,AIN,5,5ème circonscription,73638,13701,"18,61",59937,"81,39",3898,"5,29","6,5",56039,"76,1","93,5",25499,"34,63","45,5",30540,"41,47","54,5"
02001,2,AISNE,1,1ère circonscription,72627,14059,"19,36",58568,"80,64",3893,"5,36","6,65",54675,"75,28","93,35",30001,"41,31","54,87",24674,"33,97","45,13"
02002,2,AISNE,2,2ème circonscription,73203,13802,"18,85",59401,"81,15",3964,"5,42","6,67",55437,"75,73","93,33",29145,"39,81","52,57",26292,"35,92","47,43"
02003,2,AISNE,3,3ème circonscription,70334,13587,"19,32",56747,"80,68",4048,"5,76","7,13",52699,"74,93","92,87",27977,"39,78","53,09",24722,"35,15","46,91"
02004,2,AISNE,4,4ème circonscription,78930,17238,"21,84",61692,"78,16",4174,"5,29","6,77",57518,"72,87","93,23",30819,"39,05","53,58",26699,"33,83","46,42"
02005,2,AISNE,5,5ème circonscription,80979,15311,"18,91",65668,"81,09",4977,"6,15","7,58",60691,"74,95","92,42",29318,"36,2","48,31",31373,"38,74","51,69"
03001,3,ALLIER,1,1ère circonscription,90368,15355,"16,99",75013,"83,01",5129,"5,68","6,84",69884,"77,33","93,16",40555,"44,88","58,03",29329,"32,46","41,97"
03002,3,ALLIER,2,2ème circonscription,86773,16102,"18,56",70671,"81,44",5051,"5,82","7,15",65620,"75,62","92,85",39990,"46,09","60,94",25630,"29,54","39,06"
03003,3,ALLIER,3,3ème circonscription,79070,13622,"17,23",65448,"82,77",4744,6,"7,25",60704,"76,77","92,75",31070,"39,29","51,18",29634,"37,48","48,82"
04001,4,ALPES DE HAUTE PROVENCE,1,1ère circonscription,60587,9671,"15,96",50916,"84,04",3477,"5,74","6,83",47439,"78,3","93,17",24606,"40,61","51,87",22833,"37,69","48,13"
04002,4,ALPES DE HAUTE PROVENCE,2,2ème circonscription,63308,10643,"16,81",52665,"83,19",3162,"4,99",6,49503,"78,19",94,24892,"39,32","50,28",24611,"38,88","49,72"
05001,5,HAUTES ALPES,1,1ère circonscription,56096,9228,"16,45",46868,"83,55",3258,"5,81","6,95",43610,"77,74","93,05",22462,"40,04","51,51",21148,"37,7","48,49"
05002,5,HAUTES ALPES,2,2ème circonscription,50779,8242,"16,23",42537,"83,77",2767,"5,45","6,5",39770,"78,32","93,5",19973,"39,33","50,22",19797,"38,99","49,78"
06001,6,ALPES MARITIMES,1,1ère circonscription,82281,18021,"21,9",64260,"78,1",3067,"3,73","4,77",61193,"74,37","95,23",24783,"30,12","40,5",36410,"44,25","59,5"
06002,6,ALPES MARITIMES,2,2ème circonscription,82291,15105,"18,36",67186,"81,64",3802,"4,62","5,66",63384,"77,02","94,34",24376,"29,62","38,46",39008,"47,4","61,54"
06003,6,ALPES MARITIMES,3,3ème circonscription,87345,18006,"20,61",69339,"79,39",3539,"4,05","5,1",65800,"75,33","94,9",26401,"30,23","40,12",39399,"45,11","59,88"
06004,6,ALPES MARITIMES,4,4ème circonscription,84818,16827,"19,84",67991,"80,16",3728,"4,4","5,48",64263,"75,77","94,52",22044,"25,99","34,3",42219,"49,78","65,7"
06005,6,ALPES MARITIMES,5,5ème circonscription,85309,15948,"18,69",69361,"81,31",3601,"4,22","5,19",65760,"77,08","94,81",24379,"28,58","37,07",41381,"48,51","62,93"
06006,6,ALPES MARITIMES,6,6ème circonscription,76080,14854,"19,52",61226,"80,48",3187,"4,19","5,21",58039,"76,29","94,79",18036,"23,71","31,08",40003,"52,58","68,92"
06007,6,ALPES MARITIMES,7,7ème circonscription,89528,16322,"18,23",73206,"81,77",3415,"3,81","4,66",69791,"77,95","95,34",23557,"26,31","33,75",46234,"51,64","66,25"
06008,6,ALPES MARITIMES,8,8ème circonscription,80643,16261,"20,16",64382,"79,84",2875,"3,57","4,47",61507,"76,27","95,53",19602,"24,31","31,87",41905,"51,96","68,13"
06009,6,ALPES MARITIMES,9,9ème circonscription,77198,14910,"19,31",62288,"80,69",2853,"3,7","4,58",59435,"76,99","95,42",19939,"25,83","33,55",39496,"51,16","66,45"
07001,7,ARDECHE,1,1ère circonscription,76605,13065,"17,06",63540,"82,94",4533,"5,92","7,13",59007,"77,03","92,87",32588,"42,54","55,23",26419,"34,49","44,77"
07002,7,ARDECHE,2,2ème circonscription,90753,14272,"15,73",76481,"84,27",5219,"5,75","6,82",71262,"78,52","93,18",35545,"39,17","49,88",35717,"39,36","50,12"
07003,7,ARDECHE,3,3ème circonscription,75993,12084,"15,9",63909,"84,1",4223,"5,56","6,61",59686,"78,54","93,39",33393,"43,94","55,95",26293,"34,6","44,05"
08001,8,ARDENNES,1,1ère circonscription,73133,14519,"19,85",58614,"80,15",4026,"5,51","6,87",54588,"74,64","93,13",26775,"36,61","49,05",27813,"38,03","50,95"
08002,8,ARDENNES,2,2ème circonscription,64916,14540,"22,4",50376,"77,6",3180,"4,9","6,31",47196,"72,7","93,69",26793,"41,27","56,77",20403,"31,43","43,23"
08003,8,ARDENNES,3,3ème circonscription,58554,11483,"19,61",47071,"80,39",3102,"5,3","6,59",43969,"75,09","93,41",22063,"37,68","50,18",21906,"37,41","49,82"
09001,9,ARIEGE,1,1ère circonscription,56626,8737,"15,43",47889,"84,57",3020,"5,33","6,31",44869,"79,24","93,69",30211,"53,35","67,33",14658,"25,89","32,67"
09002,9,ARIEGE,2,2ème circonscription,59731,9287,"15,55",50444,"84,45",3395,"5,68","6,73",47049,"78,77","93,27",29255,"48,98","62,18",17794,"29,79","37,82"
10001,10,AUBE,1,1ère circonscription,64632,11689,"18,09",52943,"81,91",3893,"6,02","7,35",49050,"75,89","92,65",19346,"29,93","39,44",29704,"45,96","60,56"
10002,10,AUBE,2,2ème circonscription,72858,13084,"17,96",59774,"82,04",3943,"5,41","6,6",55831,"76,63","93,4",23296,"31,97","41,73",32535,"44,66","58,27"
10003,10,AUBE,3,3ème circonscription,66095,13637,"20,63",52458,"79,37",3577,"5,41","6,82",48881,"73,96","93,18",22907,"34,66","46,86",25974,"39,3","53,14"
11001,11,AUDE,1,1ère circonscription,92766,14724,"15,87",78042,"84,13",5444,"5,87","6,98",72598,"78,26","93,02",41650,"44,9","57,37",30948,"33,36","42,63"
11002,11,AUDE,2,2ème circonscription,83594,15209,"18,19",68385,"81,81",4880,"5,84","7,14",63505,"75,97","92,86",33899,"40,55","53,38",29606,"35,42","46,62"
11003,11,AUDE,3,3ème circonscription,87638,13367,"15,25",74271,"84,75",5223,"5,96","7,03",69048,"78,79","92,97",39851,"45,47","57,71",29197,"33,32","42,29"
12001,12,AVEYRON,1,1ère circonscription,75552,10546,"13,96",65006,"86,04",3915,"5,18","6,02",61091,"80,86","93,98",30329,"40,14","49,65",30762,"40,72","50,35"
12002,12,AVEYRON,2,2ème circonscription,70767,10412,"14,71",60355,"85,29",3805,"5,38","6,3",56550,"79,91","93,7",34330,"48,51","60,71",22220,"31,4","39,29"
12003,12,AVEYRON,3,3ème circonscription,71970,10151,"14,1",61819,"85,9",4352,"6,05","7,04",57467,"79,85","92,96",30643,"42,58","53,32",26824,"37,27","46,68"
13001,13,BOUCHES DU RHONE,1,1ère circonscription,73789,13894,"18,83",59895,"81,17",3182,"4,31","5,31",56713,"76,86","94,69",25080,"33,99","44,22",31633,"42,87","55,78"
13002,13,BOUCHES DU RHONE,2,2ème circonscription,77339,13639,"17,64",63700,"82,36",2499,"3,23","3,92",61201,"79,13","96,08",23992,"31,02","39,2",37209,"48,11","60,8"
13003,13,BOUCHES DU RHONE,3,3ème circonscription,70248,14991,"21,34",55257,"78,66",2893,"4,12","5,24",52364,"74,54","94,76",26536,"37,77","50,68",25828,"36,77","49,32"
13004,13,BOUCHES DU RHONE,4,4ème circonscription,58646,14176,"24,17",44470,"75,83",1639,"2,79","3,69",42831,"73,03","96,31",29720,"50,68","69,39",13111,"22,36","30,61"
13005,13,BOUCHES DU RHONE,5,5ème circonscription,68657,13849,"20,17",54808,"79,83",2493,"3,63","4,55",52315,"76,2","95,45",26272,"38,27","50,22",26043,"37,93","49,78"
13006,13,BOUCHES DU RHONE,6,6ème circonscription,72477,14141,"19,51",58336,"80,49",2886,"3,98","4,95",55450,"76,51","95,05",24415,"33,69","44,03",31035,"42,82","55,97"
13007,13,BOUCHES DU RHONE,7,7ème circonscription,62965,16456,"26,14",46509,"73,86",2116,"3,36","4,55",44393,"70,5","95,45",29782,"47,3","67,09",14611,"23,2","32,91"
13008,13,BOUCHES DU RHONE,8,8ème circonscription,92872,16775,"18,06",76097,"81,94",4665,"5,02","6,13",71432,"76,91","93,87",30517,"32,86","42,72",40915,"44,06","57,28"
13009,13,BOUCHES DU RHONE,9,9ème circonscription,92577,16569,"17,9",76008,"82,1",4201,"4,54","5,53",71807,"77,56","94,47",31222,"33,73","43,48",40585,"43,84","56,52"
13010,13,BOUCHES DU RHONE,10,10ème circonscription,100122,16751,"16,73",83371,"83,27",4818,"4,81","5,78",78553,"78,46","94,22",34591,"34,55","44,04",43962,"43,91","55,96"
13011,13,BOUCHES DU RHONE,11,11ème circonscription,85249,16472,"19,32",68777,"80,68",3368,"3,95","4,9",65409,"76,73","95,1",28620,"33,57","43,76",36789,"43,15","56,24"
13012,13,BOUCHES DU RHONE,12,12ème circonscription,88788,16745,"18,86",72043,"81,14",4472,"5,04","6,21",67571,"76,1","93,79",28633,"32,25","42,37",38938,"43,86","57,63"
13013,13,BOUCHES DU RHONE,13,13ème circonscription,90480,16846,"18,62",73634,"81,38",4952,"5,47","6,73",68682,"75,91","93,27",37857,"41,84","55,12",30825,"34,07","44,88"
13014,13,BOUCHES DU RHONE,14,14ème circonscription,93842,16565,"17,65",77277,"82,35",3684,"3,93","4,77",73593,"78,42","95,23",34585,"36,85","46,99",39008,"41,57","53,01"
13015,13,BOUCHES DU RHONE,15,15ème circonscription,98178,16324,"16,63",81854,"83,37",4970,"5,06","6,07",76884,"78,31","93,93",30495,"31,06","39,66",46389,"47,25","60,34"
13016,13,BOUCHES DU RHONE,16,16ème circonscription,88526,16585,"18,73",71941,"81,27",4783,"5,4","6,65",67158,"75,86","93,35",32387,"36,58","48,23",34771,"39,28","51,77"
14001,14,CALVADOS,1,1ère circonscription,70213,11655,"16,6",58558,"83,4",2829,"4,03","4,83",55729,"79,37","95,17",32399,"46,14","58,14",23330,"33,23","41,86"
14002,14,CALVADOS,2,2ème circonscription,67015,11824,"17,64",55191,"82,36",2870,"4,28","5,2",52321,"78,07","94,8",33553,"50,07","64,13",18768,"28,01","35,87"
14003,14,CALVADOS,3,3ème circonscription,78403,14057,"17,93",64346,"82,07",3938,"5,02","6,12",60408,"77,05","93,88",31049,"39,6","51,4",29359,"37,45","48,6"
14004,14,CALVADOS,4,4ème circonscription,97736,16623,"17,01",81113,"82,99",4124,"4,22","5,08",76989,"78,77","94,92",34814,"35,62","45,22",42175,"43,15","54,78"
14005,14,CALVADOS,5,5ème circonscription,86339,13583,"15,73",72756,"84,27",3897,"4,51","5,36",68859,"79,75","94,64",34499,"39,96","50,1",34360,"39,8","49,9"
14006,14,CALVADOS,6,6ème circonscription,90974,13455,"14,79",77519,"85,21",4877,"5,36","6,29",72642,"79,85","93,71",39230,"43,12",54,33412,"36,73",46
15001,15,CANTAL,1,1ère circonscription,64461,9926,"15,4",54535,"84,6",3289,"5,1","6,03",51246,"79,5","93,97",28180,"43,72","54,99",23066,"35,78","45,01"
15002,15,CANTAL,2,2ème circonscription,56470,9152,"16,21",47318,"83,79",2924,"5,18","6,18",44394,"78,62","93,82",21363,"37,83","48,12",23031,"40,78","51,88"
16001,16,CHARENTE,1,1ère circonscription,84013,16441,"19,57",67572,"80,43",4013,"4,78","5,94",63559,"75,65","94,06",38796,"46,18","61,04",24763,"29,48","38,96"
16002,16,CHARENTE,2,2ème circonscription,84808,15129,"17,84",69679,"82,16",4566,"5,38","6,55",65113,"76,78","93,45",35696,"42,09","54,82",29417,"34,69","45,18"
16003,16,CHARENTE,3,3ème circonscription,91907,14561,"15,84",77346,"84,16",5270,"5,73","6,81",72076,"78,42","93,19",43608,"47,45","60,5",28468,"30,97","39,5"
17001,17,CHARENTE MARITIME,1,1ère circonscription,98830,17694,"17,9",81136,"82,1",3844,"3,89","4,74",77292,"78,21","95,26",42967,"43,48","55,59",34325,"34,73","44,41"
17002,17,CHARENTE MARITIME,2,2ème circonscription,97505,17071,"17,51",80434,"82,49",4734,"4,86","5,89",75700,"77,64","94,11",41788,"42,86","55,2",33912,"34,78","44,8"
17003,17,CHARENTE MARITIME,3,3ème circonscription,81936,15190,"18,54",66746,"81,46",4262,"5,2","6,39",62484,"76,26","93,61",34174,"41,71","54,69",28310,"34,55","45,31"
17004,17,CHARENTE MARITIME,4,4ème circonscription,87771,15242,"17,37",72529,"82,63",4981,"5,67","6,87",67548,"76,96","93,13",32484,"37,01","48,09",35064,"39,95","51,91"
17005,17,CHARENTE MARITIME,5,5ème circonscription,105982,18119,"17,1",87863,"82,9",5556,"5,24","6,32",82307,"77,66","93,68",36974,"34,89","44,92",45333,"42,77","55,08"
18001,18,CHER,1,1ère circonscription,73758,14666,"19,88",59092,"80,12",4071,"5,52","6,89",55021,"74,6","93,11",27763,"37,64","50,46",27258,"36,96","49,54"
18002,18,CHER,2,2ème circonscription,70156,14709,"20,97",55447,"79,03",3978,"5,67","7,17",51469,"73,36","92,83",29920,"42,65","58,13",21549,"30,72","41,87"
18003,18,CHER,3,3ème circonscription,87101,16410,"18,84",70691,"81,16",5365,"6,16","7,59",65326,75,"92,41",35174,"40,38","53,84",30152,"34,62","46,16"
19001,19,CORREZE,1,1ère circonscription,94668,11775,"12,44",82893,"87,56",4561,"4,82","5,5",78332,"82,74","94,5",52980,"55,96","67,64",25352,"26,78","32,36"
19002,19,CORREZE,2,2ème circonscription,91953,13694,"14,89",78259,"85,11",4325,"4,7","5,53",73934,"80,4","94,47",45784,"49,79","61,93",28150,"30,61","38,07"
21001,21,COTE D'OR,1,1ère circonscription,67615,10460,"15,47",57155,"84,53",2671,"3,95","4,67",54484,"80,58","95,33",26711,"39,5","49,03",27773,"41,08","50,97"
21002,21,COTE D'OR,2,2ème circonscription,66120,11185,"16,92",54935,"83,08",3173,"4,8","5,78",51762,"78,28","94,22",25284,"38,24","48,85",26478,"40,05","51,15"
21003,21,COTE D'OR,3,3ème circonscription,69112,12099,"17,51",57013,"82,49",3377,"4,89","5,92",53636,"77,61","94,08",28692,"41,52","53,49",24944,"36,09","46,51"
21004,21,COTE D'OR,4,4ème circonscription,69032,11216,"16,25",57816,"83,75",3862,"5,59","6,68",53954,"78,16","93,32",25738,"37,28","47,7",28216,"40,87","52,3"
21005,21,COTE D'OR,5,5ème circonscription,82926,13900,"16,76",69026,"83,24",4369,"5,27","6,33",64657,"77,97","93,67",28511,"34,38","44,1",36146,"43,59","55,9"
22001,22,COTES D'ARMOR,1,1ère circonscription,89051,14010,"15,73",75041,"84,27",4035,"4,53","5,38",71006,"79,74","94,62",43576,"48,93","61,37",27430,"30,8","38,63"
22002,22,COTES D'ARMOR,2,2ème circonscription,93736,12320,"13,14",81416,"86,86",4393,"4,69","5,4",77023,"82,17","94,6",42168,"44,99","54,75",34855,"37,18","45,25"
22003,22,COTES D'ARMOR,3,3ème circonscription,86313,10942,"12,68",75371,"87,32",4293,"4,97","5,7",71078,"82,35","94,3",39596,"45,87","55,71",31482,"36,47","44,29"
22004,22,COTES D'ARMOR,4,4ème circonscription,79581,10759,"13,52",68822,"86,48",3793,"4,77","5,51",65029,"81,71","94,49",42726,"53,69","65,7",22303,"28,03","34,3"
22005,22,COTES D'ARMOR,5,5ème circonscription,102333,14509,"14,18",87824,"85,82",4321,"4,22","4,92",83503,"81,6","95,08",49543,"48,41","59,33",33960,"33,19","40,67"
23001,23,CREUSE,1,1ère circonscription,96857,16141,"16,66",80716,"83,34",5540,"5,72","6,86",75176,"77,62","93,14",45870,"47,36","61,02",29306,"30,26","38,98"
24001,24,DORDOGNE,1,1ère circonscription,74944,11115,"14,83",63829,"85,17",4010,"5,35","6,28",59819,"79,82","93,72",36930,"49,28","61,74",22889,"30,54","38,26"
24002,24,DORDOGNE,2,2ème circonscription,81096,12662,"15,61",68434,"84,39",4891,"6,03","7,15",63543,"78,36","92,85",34789,"42,9","54,75",28754,"35,46","45,25"
24003,24,DORDOGNE,3,3ème circonscription,69042,9028,"13,08",60014,"86,92",4050,"5,87","6,75",55964,"81,06","93,25",33180,"48,06","59,29",22784,33,"40,71"
24004,24,DORDOGNE,4,4ème circonscription,86701,11123,"12,83",75578,"87,17",4613,"5,32","6,1",70965,"81,85","93,9",43112,"49,72","60,75",27853,"32,13","39,25"
25001,25,DOUBS,1,1ère circonscription,72906,12779,"17,53",60127,"82,47",3482,"4,78","5,79",56645,"77,7","94,21",30387,"41,68","53,64",26258,"36,02","46,36"
25002,25,DOUBS,2,2ème circonscription,76233,12516,"16,42",63717,"83,58",3607,"4,73","5,66",60110,"78,85","94,34",31359,"41,14","52,17",28751,"37,71","47,83"
25003,25,DOUBS,3,3ème circonscription,65433,11213,"17,14",54220,"82,86",3985,"6,09","7,35",50235,"76,77","92,65",24004,"36,68","47,78",26231,"40,09","52,22"
25004,25,DOUBS,4,4ème circonscription,67346,12508,"18,57",54838,"81,43",4301,"6,39","7,84",50537,"75,04","92,16",25911,"38,47","51,27",24626,"36,57","48,73"
25005,25,DOUBS,5,5ème circonscription,77266,11112,"14,38",66154,"85,62",3827,"4,95","5,78",62327,"80,67","94,22",22914,"29,66","36,76",39413,"51,01","63,24"
26001,26,DROME,1,1ère circonscription,72823,13457,"18,48",59366,"81,52",3254,"4,47","5,48",56112,"77,05","94,52",28319,"38,89","50,47",27793,"38,17","49,53"
26002,26,DROME,2,2ème circonscription,87743,15737,"17,94",72006,"82,06",4890,"5,57","6,79",67116,"76,49","93,21",31784,"36,22","47,36",35332,"40,27","52,64"
26003,26,DROME,3,3ème circonscription,102570,15236,"14,85",87334,"85,15",5595,"5,45","6,41",81739,"79,69","93,59",41806,"40,76","51,15",39933,"38,93","48,85"
26004,26,DROME,4,4ème circonscription,89978,15700,"17,45",74278,"82,55",4850,"5,39","6,53",69428,"77,16","93,47",33050,"36,73","47,6",36378,"40,43","52,4"
27001,27,EURE,1,1ère circonscription,85314,16925,"19,84",68389,"80,16",4286,"5,02","6,27",64103,"75,14","93,73",28364,"33,25","44,25",35739,"41,89","55,75"
27002,27,EURE,2,2ème circonscription,76963,13420,"17,44",63543,"82,56",4243,"5,51","6,68",59300,"77,05","93,32",28235,"36,69","47,61",31065,"40,36","52,39"
27003,27,EURE,3,3ème circonscription,81678,14117,"17,28",67561,"82,72",4306,"5,27","6,37",63255,"77,44","93,63",30031,"36,77","47,48",33224,"40,68","52,52"
27004,27,EURE,4,4ème circonscription,86662,16554,"19,1",70108,"80,9",4542,"5,24","6,48",65566,"75,66","93,52",33661,"38,84","51,34",31905,"36,82","48,66"
27005,27,EURE,5,5ème circonscription,87188,16517,"18,94",70671,"81,06",4619,"5,3","6,54",66052,"75,76","93,46",31036,"35,6","46,99",35016,"40,16","53,01"
28001,28,EURE ET LOIR,1,1ère circonscription,87335,15890,"18,19",71445,"81,81",4068,"4,66","5,69",67377,"77,15","94,31",31772,"36,38","47,16",35605,"40,77","52,84"
28002,28,EURE ET LOIR,2,2ème circonscription,71954,14761,"20,51",57193,"79,49",3306,"4,59","5,78",53887,"74,89","94,22",25685,"35,7","47,66",28202,"39,19","52,34"
28003,28,EURE ET LOIR,3,3ème circonscription,71238,13519,"18,98",57719,"81,02",3681,"5,17","6,38",54038,"75,86","93,62",25694,"36,07","47,55",28344,"39,79","52,45"
28004,28,EURE ET LOIR,4,4ème circonscription,67235,11581,"17,22",55654,"82,78",3828,"5,69","6,88",51826,"77,08","93,12",22525,"33,5","43,46",29301,"43,58","56,54"
29001,29,FINISTERE,1,1ère circonscription,85821,11755,"13,7",74066,"86,3",3757,"4,38","5,07",70309,"81,93","94,93",41637,"48,52","59,22",28672,"33,41","40,78"
29002,29,FINISTERE,2,2ème circonscription,77981,15609,"20,02",62372,"79,98",3020,"3,87","4,84",59352,"76,11","95,16",37165,"47,66","62,62",22187,"28,45","37,38"
29003,29,FINISTERE,3,3ème circonscription,86191,12859,"14,92",73332,"85,08",3630,"4,21","4,95",69702,"80,87","95,05",38947,"45,19","55,88",30755,"35,68","44,12"
29004,29,FINISTERE,4,4ème circonscription,82111,11856,"14,44",70255,"85,56",3254,"3,96","4,63",67001,"81,6","95,37",40679,"49,54","60,71",26322,"32,06","39,29"
29005,29,FINISTERE,5,5ème circonscription,91053,12852,"14,11",78201,"85,89",3778,"4,15","4,83",74423,"81,74","95,17",41217,"45,27","55,38",33206,"36,47","44,62"
29006,29,FINISTERE,6,6ème circonscription,89302,13120,"14,69",76182,"85,31",3985,"4,46","5,23",72197,"80,85","94,77",42781,"47,91","59,26",29416,"32,94","40,74"
29007,29,FINISTERE,7,7ème circonscription,79740,12287,"15,41",67453,"84,59",3721,"4,67","5,52",63732,"79,92","94,48",37573,"47,12","58,95",26159,"32,81","41,05"
29008,29,FINISTERE,8,8ème circonscription,84304,13539,"16,06",70765,"83,94",4210,"4,99","5,95",66555,"78,95","94,05",39790,"47,2","59,79",26765,"31,75","40,21"
2A001,2A,CORSE SUD,1,1ère circonscription,47907,11762,"24,55",36145,"75,45",2049,"4,28","5,67",34096,"71,17","94,33",15197,"31,72","44,57",18899,"39,45","55,43"
2A002,2A,CORSE SUD,2,2ème circonscription,53767,12913,"24,02",40854,"75,98",2324,"4,32","5,69",38530,"71,66","94,31",15594,29,"40,47",22936,"42,66","59,53"
2B001,2B,HAUTE CORSE,1,1ère circonscription,54660,12126,"22,18",42534,"77,82",2370,"4,34","5,57",40164,"73,48","94,43",17978,"32,89","44,76",22186,"40,59","55,24"
2B002,2B,HAUTE CORSE,2,2ème circonscription,63981,15345,"23,98",48636,"76,02",2478,"3,87","5,09",46158,"72,14","94,91",21379,"33,41","46,32",24779,"38,73","53,68"
30001,30,GARD,1,1ère circonscription,83308,16027,"19,24",67281,"80,76",3935,"4,72","5,85",63346,"76,04","94,15",30266,"36,33","47,78",33080,"39,71","52,22"
30002,30,GARD,2,2ème circonscription,82313,13282,"16,14",69031,"83,86",4640,"5,64","6,72",64391,"78,23","93,28",28312,"34,4","43,97",36079,"43,83","56,03"
30003,30,GARD,3,3ème circonscription,88777,14561,"16,4",74216,"83,6",5001,"5,63","6,74",69215,"77,97","93,26",30938,"34,85","44,7",38277,"43,12","55,3"
30004,30,GARD,4,4ème circonscription,87655,14572,"16,62",73083,"83,38",5503,"6,28","7,53",67580,"77,1","92,47",34931,"39,85","51,69",32649,"37,25","48,31"
30005,30,GARD,5,5ème circonscription,93381,15296,"16,38",78085,"83,62",5420,"5,8","6,94",72665,"77,82","93,06",41223,"44,14","56,73",31442,"33,67","43,27"
30006,30,GARD,6,6ème circonscription,77573,14458,"18,64",63115,"81,36",3830,"4,94","6,07",59285,"76,42","93,93",27817,"35,86","46,92",31468,"40,57","53,08"
31001,31,HAUTE GARONNE,1,1ère circonscription,76411,15507,"20,29",60904,"79,71",2816,"3,69","4,62",58088,"76,02","95,38",35821,"46,88","61,67",22267,"29,14","38,33"
31002,31,HAUTE GARONNE,2,2ème circonscription,94400,17489,"18,53",76911,"81,47",3922,"4,15","5,1",72989,"77,32","94,9",42889,"45,43","58,76",30100,"31,89","41,24"
31003,31,HAUTE GARONNE,3,3ème circonscription,73090,12722,"17,41",60368,"82,59",2693,"3,68","4,46",57675,"78,91","95,54",30373,"41,56","52,66",27302,"37,35","47,34"
31004,31,HAUTE GARONNE,4,4ème circonscription,66118,15215,"23,01",50903,"76,99",2153,"3,26","4,23",48750,"73,73","95,77",31365,"47,44","64,34",17385,"26,29","35,66"
31005,31,HAUTE GARONNE,5,5ème circonscription,90241,13457,"14,91",76784,"85,09",4831,"5,35","6,29",71953,"79,73","93,71",39311,"43,56","54,63",32642,"36,17","45,37"
31006,31,HAUTE GARONNE,6,6ème circonscription,103085,16020,"15,54",87065,"84,46",4988,"4,84","5,73",82077,"79,62","94,27",48639,"47,18","59,26",33438,"32,44","40,74"
31007,31,HAUTE GARONNE,7,7ème circonscription,92460,14217,"15,38",78243,"84,62",4990,"5,4","6,38",73253,"79,23","93,62",41424,"44,8","56,55",31829,"34,42","43,45"
31008,31,HAUTE GARONNE,8,8ème circonscription,84928,14056,"16,55",70872,"83,45",4990,"5,88","7,04",65882,"77,57","92,96",39401,"46,39","59,81",26481,"31,18","40,19"
31009,31,HAUTE GARONNE,9,9ème circonscription,76394,15596,"20,42",60798,"79,58",3071,"4,02","5,05",57727,"75,56","94,95",36732,"48,08","63,63",20995,"27,48","36,37"
31010,31,HAUTE GARONNE,10,10ème circonscription,88317,10849,"12,28",77468,"87,72",4401,"4,98","5,68",73067,"82,73","94,32",42845,"48,51","58,64",30222,"34,22","41,36"
32001,32,GERS,1,1ère circonscription,73631,10223,"13,88",63408,"86,12",4118,"5,59","6,49",59290,"80,52","93,51",35243,"47,86","59,44",24047,"32,66","40,56"
32002,32,GERS,2,2ème circonscription,70144,9680,"13,8",60464,"86,2",3926,"5,6","6,49",56538,"80,6","93,51",30363,"43,29","53,7",26175,"37,32","46,3"
33001,33,GIRONDE,1,1ère circonscription,85985,15388,"17,9",70597,"82,1",3195,"3,72","4,53",67402,"78,39","95,47",34702,"40,36","51,49",32700,"38,03","48,51"
33002,33,GIRONDE,2,2ème circonscription,62199,12294,"19,77",49905,"80,23",1965,"3,16","3,94",47940,"77,08","96,06",28289,"45,48","59,01",19651,"31,59","40,99"
33003,33,GIRONDE,3,3ème circonscription,74202,13636,"18,38",60566,"81,62",3068,"4,13","5,07",57498,"77,49","94,93",38612,"52,04","67,15",18886,"25,45","32,85"
33004,33,GIRONDE,4,4ème circonscription,86608,16840,"19,44",69768,"80,56",4065,"4,69","5,83",65703,"75,86","94,17",41753,"48,21","63,55",23950,"27,65","36,45"
33005,33,GIRONDE,5,5ème circonscription,102425,16534,"16,14",85891,"83,86",5467,"5,34","6,37",80424,"78,52","93,63",44301,"43,25","55,08",36123,"35,27","44,92"
33006,33,GIRONDE,6,6ème circonscription,95142,14279,"15,01",80863,"84,99",4326,"4,55","5,35",76537,"80,45","94,65",44222,"46,48","57,78",32315,"33,97","42,22"
33007,33,GIRONDE,7,7ème circonscription,72630,11107,"15,29",61523,"84,71",3172,"4,37","5,16",58351,"80,34","94,84",35988,"49,55","61,68",22363,"30,79","38,32"
33008,33,GIRONDE,8,8ème circonscription,97836,15552,"15,9",82284,"84,1",4539,"4,64","5,52",77745,"79,46","94,48",35222,36,"45,3",42523,"43,46","54,7"
33009,33,GIRONDE,9,9ème circonscription,85602,12002,"14,02",73600,"85,98",4696,"5,49","6,38",68904,"80,49","93,62",40383,"47,18","58,61",28521,"33,32","41,39"
33010,33,GIRONDE,10,10ème circonscription,78491,12697,"16,18",65794,"83,82",4383,"5,58","6,66",61411,"78,24","93,34",31972,"40,73","52,06",29439,"37,51","47,94"
33011,33,GIRONDE,11,11ème circonscription,88103,15100,"17,14",73003,"82,86",5432,"6,17","7,44",67571,"76,7","92,56",37812,"42,92","55,96",29759,"33,78","44,04"
33012,33,GIRONDE,12,12ème circonscription,78577,11232,"14,29",67345,"85,71",4331,"5,51","6,43",63014,"80,19","93,57",35378,"45,02","56,14",27636,"35,17","43,86"
34001,34,HERAULT,1,1ère circonscription,79066,14414,"18,23",64652,"81,77",3709,"4,69","5,74",60943,"77,08","94,26",30693,"38,82","50,36",30250,"38,26","49,64"
34002,34,HERAULT,2,2ème circonscription,58298,13307,"22,83",44991,"77,17",1769,"3,03","3,93",43222,"74,14","96,07",28209,"48,39","65,27",15013,"25,75","34,73"
34003,34,HERAULT,3,3ème circonscription,77209,11911,"15,43",65298,"84,57",3593,"4,65","5,5",61705,"79,92","94,5",31133,"40,32","50,45",30572,"39,6","49,55"
34004,34,HERAULT,4,4ème circonscription,103151,16505,16,86646,84,5571,"5,4","6,43",81075,"78,6","93,57",42479,"41,18","52,39",38596,"37,42","47,61"
34005,34,HERAULT,5,5ème circonscription,90857,15400,"16,95",75457,"83,05",5205,"5,73","6,9",70252,"77,32","93,1",38671,"42,56","55,05",31581,"34,76","44,95"
34006,34,HERAULT,6,6ème circonscription,86125,16290,"18,91",69835,"81,09",4486,"5,21","6,42",65349,"75,88","93,58",30141,35,"46,12",35208,"40,88","53,88"
34007,34,HERAULT,7,7ème circonscription,95953,16577,"17,28",79376,"82,72",4905,"5,11","6,18",74471,"77,61","93,82",34667,"36,13","46,55",39804,"41,48","53,45"
34008,34,HERAULT,8,8ème circonscription,80625,14324,"17,77",66301,"82,23",4112,"5,1","6,2",62189,"77,13","93,8",32173,"39,9","51,73",30016,"37,23","48,27"
34009,34,HERAULT,9,9ème circonscription,75525,13368,"17,7",62157,"82,3",3701,"4,9","5,95",58456,"77,4","94,05",28256,"37,41","48,34",30200,"39,99","51,66"
35001,35,ILLE ET VILAINE,1,1ère circonscription,87058,14952,"17,17",72106,"82,83",3320,"3,81","4,6",68786,"79,01","95,4",44733,"51,38","65,03",24053,"27,63","34,97"
35002,35,ILLE ET VILAINE,2,2ème circonscription,86864,12230,"14,08",74634,"85,92",3353,"3,86","4,49",71281,"82,06","95,51",42572,"49,01","59,72",28709,"33,05","40,28"
35003,35,ILLE ET VILAINE,3,3ème circonscription,81381,11387,"13,99",69994,"86,01",3715,"4,56","5,31",66279,"81,44","94,69",37722,"46,35","56,91",28557,"35,09","43,09"
35004,35,ILLE ET VILAINE,4,4ème circonscription,85025,12759,"15,01",72266,"84,99",4156,"4,89","5,75",68110,"80,11","94,25",37998,"44,69","55,79",30112,"35,42","44,21"
35005,35,ILLE ET VILAINE,5,5ème circonscription,97365,14184,"14,57",83181,"85,43",4866,5,"5,85",78315,"80,43","94,15",36516,"37,5","46,63",41799,"42,93","53,37"
35006,35,ILLE ET VILAINE,6,6ème circonscription,85283,12785,"14,99",72498,"85,01",4336,"5,08","5,98",68162,"79,92","94,02",34684,"40,67","50,88",33478,"39,26","49,12"
35007,35,ILLE ET VILAINE,7,7ème circonscription,95244,16978,"17,83",78266,"82,17",4128,"4,33","5,27",74138,"77,84","94,73",36778,"38,61","49,61",37360,"39,23","50,39"
35008,35,ILLE ET VILAINE,8,8ème circonscription,78874,13245,"16,79",65629,"83,21",2668,"3,38","4,07",62961,"79,82","95,93",39902,"50,59","63,38",23059,"29,24","36,62"
36001,36,INDRE,1,1ère circonscription,82219,16060,"19,53",66159,"80,47",4560,"5,55","6,89",61599,"74,92","93,11",34316,"41,74","55,71",27283,"33,18","44,29"
36002,36,INDRE,2,2ème circonscription,91553,15010,"16,39",76543,"83,61",5883,"6,43","7,69",70660,"77,18","92,31",39300,"42,93","55,62",31360,"34,25","44,38"
37001,37,INDRE ET LOIRE,1,1ère circonscription,65517,13887,"21,2",51630,"78,8",2410,"3,68","4,67",49220,"75,13","95,33",27863,"42,53","56,61",21357,"32,6","43,39"
37002,37,INDRE ET LOIRE,2,2ème circonscription,84336,13323,"15,8",71013,"84,2",4408,"5,23","6,21",66605,"78,98","93,79",32904,"39,02","49,4",33701,"39,96","50,6"
37003,37,INDRE ET LOIRE,3,3ème circonscription,94454,15175,"16,07",79279,"83,93",4637,"4,91","5,85",74642,"79,02","94,15",38656,"40,93","51,79",35986,"38,1","48,21"
37004,37,INDRE ET LOIRE,4,4ème circonscription,88201,15128,"17,15",73073,"82,85",4361,"4,94","5,97",68712,"77,9","94,03",35733,"40,51",52,32979,"37,39",48
37005,37,INDRE ET LOIRE,5,5ème circonscription,80427,13083,"16,27",67344,"83,73",3856,"4,79","5,73",63488,"78,94","94,27",30137,"37,47","47,47",33351,"41,47","52,53"
38001,38,ISERE,1,1ère circonscription,80612,14067,"17,45",66545,"82,55",2570,"3,19","3,86",63975,"79,36","96,14",34515,"42,82","53,95",29460,"36,55","46,05"
38002,38,ISERE,2,2ème circonscription,75032,13592,"18,11",61440,"81,89",3048,"4,06","4,96",58392,"77,82","95,04",34938,"46,56","59,83",23454,"31,26","40,17"
38003,38,ISERE,3,3ème circonscription,59928,12423,"20,73",47505,"79,27",2090,"3,49","4,4",45415,"75,78","95,6",29076,"48,52","64,02",16339,"27,26","35,98"
38004,38,ISERE,4,4ème circonscription,87774,15079,"17,18",72695,"82,82",3887,"4,43","5,35",68808,"78,39","94,65",36644,"41,75","53,26",32164,"36,64","46,74"
38005,38,ISERE,5,5ème circonscription,97773,16065,"16,43",81708,"83,57",4577,"4,68","5,6",77131,"78,89","94,4",42648,"43,62","55,29",34483,"35,27","44,71"
38006,38,ISERE,6,6ème circonscription,77117,14733,"19,1",62384,"80,9",3700,"4,8","5,93",58684,"76,1","94,07",25414,"32,96","43,31",33270,"43,14","56,69"
38007,38,ISERE,7,7ème circonscription,87551,15123,"17,27",72428,"82,73",4956,"5,66","6,84",67472,"77,07","93,16",32104,"36,67","47,58",35368,"40,4","52,42"
38008,38,ISERE,8,8ème circonscription,74929,13192,"17,61",61737,"82,39",3816,"5,09","6,18",57921,"77,3","93,82",27349,"36,5","47,22",30572,"40,8","52,78"
38009,38,ISERE,9,9ème circonscription,93246,16258,"17,44",76988,"82,56",4873,"5,23","6,33",72115,"77,34","93,67",37016,"39,7","51,33",35099,"37,64","48,67"
38010,38,ISERE,10,10ème circonscription,87592,17259,"19,7",70333,"80,3",4369,"4,99","6,21",65964,"75,31","93,79",31744,"36,24","48,12",34220,"39,07","51,88"
39001,39,JURA,1,1ère circonscription,65029,10934,"16,81",54095,"83,19",3873,"5,96","7,16",50222,"77,23","92,84",25301,"38,91","50,38",24921,"38,32","49,62"
39002,39,JURA,2,2ème circonscription,54923,9007,"16,4",45916,"83,6",3235,"5,89","7,05",42681,"77,71","92,95",19378,"35,28","45,4",23303,"42,43","54,6"
39003,39,JURA,3,3ème circonscription,68264,10813,"15,84",57451,"84,16",4029,"5,9","7,01",53422,"78,26","92,99",27642,"40,49","51,74",25780,"37,77","48,26"
40001,40,LANDES,1,1ère circonscription,97620,16335,"16,73",81285,"83,27",5090,"5,21","6,26",76195,"78,05","93,74",42182,"43,21","55,36",34013,"34,84","44,64"
40002,40,LANDES,2,2ème circonscription,104572,16077,"15,37",88495,"84,63",4902,"4,69","5,54",83593,"79,94","94,46",46711,"44,67","55,88",36882,"35,27","44,12"
40003,40,LANDES,3,3ème circonscription,94527,12528,"13,25",81999,"86,75",5123,"5,42","6,25",76876,"81,33","93,75",45979,"48,64","59,81",30897,"32,69","40,19"
41001,41,LOIR ET CHER,1,1ère circonscription,80456,14929,"18,56",65527,"81,44",4057,"5,04","6,19",61470,"76,4","93,81",31177,"38,75","50,72",30293,"37,65","49,28"
41002,41,LOIR ET CHER,2,2ème circonscription,80272,14066,"17,52",66206,"82,48",4602,"5,73","6,95",61604,"76,74","93,05",28250,"35,19","45,86",33354,"41,55","54,14"
41003,41,LOIR ET CHER,3,3ème circonscription,82391,13158,"15,97",69233,"84,03",4850,"5,89","7,01",64383,"78,14","92,99",29755,"36,11","46,22",34628,"42,03","53,78"
42001,42,LOIRE,1,1ère circonscription,67953,14062,"20,69",53891,"79,31",2872,"4,23","5,33",51019,"75,08","94,67",28688,"42,22","56,23",22331,"32,86","43,77"
42002,42,LOIRE,2,2ème circonscription,57313,13238,"23,1",44075,"76,9",2258,"3,94","5,12",41817,"72,96","94,88",24028,"41,92","57,46",17789,"31,04","42,54"
42003,42,LOIRE,3,3ème circonscription,80382,14757,"18,36",65625,"81,64",4259,"5,3","6,49",61366,"76,34","93,51",30760,"38,27","50,13",30606,"38,08","49,87"
42004,42,LOIRE,4,4ème circonscription,99050,17638,"17,81",81412,"82,19",5817,"5,87","7,15",75595,"76,32","92,85",38504,"38,87","50,93",37091,"37,45","49,07"
42005,42,LOIRE,5,5ème circonscription,101165,16607,"16,42",84558,"83,58",5906,"5,84","6,98",78652,"77,75","93,02",38114,"37,68","48,46",40538,"40,07","51,54"
42006,42,LOIRE,6,6ème circonscription,103869,17293,"16,65",86576,"83,35",5882,"5,66","6,79",80694,"77,69","93,21",36428,"35,07","45,14",44266,"42,62","54,86"
43001,43,HAUTE LOIRE,1,1ère circonscription,95721,14659,"15,31",81062,"84,69",6433,"6,72","7,94",74629,"77,97","92,06",37179,"38,84","49,82",37450,"39,12","50,18"
43002,43,HAUTE LOIRE,2,2ème circonscription,80307,12797,"15,94",67510,"84,06",4948,"6,16","7,33",62562,"77,9","92,67",33309,"41,48","53,24",29253,"36,43","46,76"
44001,44,LOIRE ATLANTIQUE,1,1ère circonscription,72726,12932,"17,78",59794,"82,22",2585,"3,55","4,32",57209,"78,66","95,68",32431,"44,59","56,69",24778,"34,07","43,31"
44002,44,LOIRE ATLANTIQUE,2,2ème circonscription,81582,15183,"18,61",66399,"81,39",2626,"3,22","3,95",63773,"78,17","96,05",38263,"46,9",60,25510,"31,27",40
44003,44,LOIRE ATLANTIQUE,3,3ème circonscription,89008,17294,"19,43",71714,"80,57",3577,"4,02","4,99",68137,"76,55","95,01",44442,"49,93","65,22",23695,"26,62","34,78"
44004,44,LOIRE ATLANTIQUE,4,4ème circonscription,82729,13276,"16,05",69453,"83,95",3311,4,"4,77",66142,"79,95","95,23",42691,"51,6","64,54",23451,"28,35","35,46"
44005,44,LOIRE ATLANTIQUE,5,5ème circonscription,105463,15372,"14,58",90091,"85,42",4707,"4,46","5,22",85384,"80,96","94,78",48032,"45,54","56,25",37352,"35,42","43,75"
44006,44,LOIRE ATLANTIQUE,6,6ème circonscription,106786,16540,"15,49",90246,"84,51",5397,"5,05","5,98",84849,"79,46","94,02",44447,"41,62","52,38",40402,"37,83","47,62"
44007,44,LOIRE ATLANTIQUE,7,7ème circonscription,102174,15929,"15,59",86245,"84,41",4592,"4,49","5,32",81653,"79,92","94,68",39570,"38,73","48,46",42083,"41,19","51,54"
44008,44,LOIRE ATLANTIQUE,8,8ème circonscription,81006,14592,"18,01",66414,"81,99",3716,"4,59","5,6",62698,"77,4","94,4",41299,"50,98","65,87",21399,"26,42","34,13"
44009,44,LOIRE ATLANTIQUE,9,9ème circonscription,107593,15611,"14,51",91982,"85,49",5221,"4,85","5,68",86761,"80,64","94,32",43229,"40,18","49,83",43532,"40,46","50,17"
44010,44,LOIRE ATLANTIQUE,10,10ème circonscription,106553,13668,"12,83",92885,"87,17",5114,"4,8","5,51",87771,"82,37","94,49",45080,"42,31","51,36",42691,"40,07","48,64"
45001,45,LOIRET,1,1ère circonscription,73176,12203,"16,68",60973,"83,32",3347,"4,57","5,49",57626,"78,75","94,51",27918,"38,15","48,45",29708,"40,6","51,55"
45002,45,LOIRET,2,2ème circonscription,81907,15008,"18,32",66899,"81,68",3969,"4,85","5,93",62930,"76,83","94,07",30350,"37,05","48,23",32580,"39,78","51,77"
45003,45,LOIRET,3,3ème circonscription,71061,12144,"17,09",58917,"82,91",4131,"5,81","7,01",54786,"77,1","92,99",23912,"33,65","43,65",30874,"43,45","56,35"
45004,45,LOIRET,4,4ème circonscription,74996,15124,"20,17",59872,"79,83",4203,"5,6","7,02",55669,"74,23","92,98",23634,"31,51","42,45",32035,"42,72","57,55"
45005,45,LOIRET,5,5ème circonscription,72668,13413,"18,46",59255,"81,54",4144,"5,7","6,99",55111,"75,84","93,01",24546,"33,78","44,54",30565,"42,06","55,46"
45006,45,LOIRET,6,6ème circonscription,69162,11970,"17,31",57192,"82,69",3354,"4,85","5,86",53838,"77,84","94,14",25929,"37,49","48,16",27909,"40,35","51,84"
46001,46,LOT,1,1ère circonscription,70165,9616,"13,7",60549,"86,3",3723,"5,31","6,15",56826,"80,99","93,85",34856,"49,68","61,34",21970,"31,31","38,66"
46002,46,LOT,2,2ème circonscription,65046,8475,"13,03",56571,"86,97",3554,"5,46","6,28",53017,"81,51","93,72",33125,"50,93","62,48",19892,"30,58","37,52"
47001,47,LOT ET GARONNE,1,1ère circonscription,86656,13557,"15,64",73099,"84,36",5042,"5,82","6,9",68057,"78,54","93,1",34815,"40,18","51,16",33242,"38,36","48,84"
47002,47,LOT ET GARONNE,2,2ème circonscription,77676,12565,"16,18",65111,"83,82",4829,"6,22","7,42",60282,"77,61","92,58",30812,"39,67","51,11",29470,"37,94","48,89"
47003,47,LOT ET GARONNE,3,3ème circonscription,76366,11931,"15,62",64435,"84,38",4345,"5,69","6,74",60090,"78,69","93,26",31139,"40,78","51,82",28951,"37,91","48,18"
48001,48,LOZERE,1,1ère circonscription,59885,8378,"13,99",51507,"86,01",3480,"5,81","6,76",48027,"80,2","93,24",23991,"40,06","49,95",24036,"40,14","50,05"
49001,49,MAINE ET LOIRE,1,1ère circonscription,80852,13806,"17,08",67046,"82,92",3532,"4,37","5,27",63514,"78,56","94,73",32760,"40,52","51,58",30754,"38,04","48,42"
49002,49,MAINE ET LOIRE,2,2ème circonscription,87418,14005,"16,02",73413,"83,98",4049,"4,63","5,52",69364,"79,35","94,48",37345,"42,72","53,84",32019,"36,63","46,16"
49003,49,MAINE ET LOIRE,3,3ème circonscription,68443,10982,"16,05",57461,"83,95",3608,"5,27","6,28",53853,"78,68","93,72",25074,"36,63","46,56",28779,"42,05","53,44"
49004,49,MAINE ET LOIRE,4,4ème circonscription,73503,12078,"16,43",61425,"83,57",3815,"5,19","6,21",57610,"78,38","93,79",25403,"34,56","44,09",32207,"43,82","55,91"
49005,49,MAINE ET LOIRE,5,5ème circonscription,75267,12427,"16,51",62840,"83,49",3712,"4,93","5,91",59128,"78,56","94,09",28844,"38,32","48,78",30284,"40,24","51,22"
49006,49,MAINE ET LOIRE,6,6ème circonscription,92466,13640,"14,75",78826,"85,25",5076,"5,49","6,44",73750,"79,76","93,56",34701,"37,53","47,05",39049,"42,23","52,95"
49007,49,MAINE ET LOIRE,7,7ème circonscription,75242,11735,"15,6",63507,"84,4",3471,"4,61","5,47",60036,"79,79","94,53",29484,"39,19","49,11",30552,"40,6","50,89"
50001,50,MANCHE,1,1ère circonscription,86638,14300,"16,51",72338,"83,49",4309,"4,97","5,96",68029,"78,52","94,04",33420,"38,57","49,13",34609,"39,95","50,87"
50002,50,MANCHE,2,2ème circonscription,94633,14836,"15,68",79797,"84,32",4824,"5,1","6,05",74973,"79,23","93,95",33491,"35,39","44,67",41482,"43,83","55,33"
50003,50,MANCHE,3,3ème circonscription,105830,17028,"16,09",88802,"83,91",5315,"5,02","5,99",83487,"78,89","94,01",40495,"38,26","48,5",42992,"40,62","51,5"
50004,50,MANCHE,4,4ème circonscription,88675,16715,"18,85",71960,"81,15",3852,"4,34","5,35",68108,"76,81","94,65",39600,"44,66","58,14",28508,"32,15","41,86"
51001,51,MARNE,1,1ère circonscription,69216,16023,"23,15",53193,"76,85",2996,"4,33","5,63",50197,"72,52","94,37",24137,"34,87","48,08",26060,"37,65","51,92"
51002,51,MARNE,2,2ème circonscription,72577,15728,"21,67",56849,"78,33",3071,"4,23","5,4",53778,"74,1","94,6",24956,"34,39","46,41",28822,"39,71","53,59"
51003,51,MARNE,3,3ème circonscription,81305,17253,"21,22",64052,"78,78",4294,"5,28","6,7",59758,"73,5","93,3",26719,"32,86","44,71",33039,"40,64","55,29"
51004,51,MARNE,4,4ème circonscription,80847,17582,"21,75",63265,"78,25",4040,5,"6,39",59225,"73,26","93,61",27023,"33,42","45,63",32202,"39,83","54,37"
51005,51,MARNE,5,5ème circonscription,78188,14222,"18,19",63966,"81,81",4608,"5,89","7,2",59358,"75,92","92,8",23321,"29,83","39,29",36037,"46,09","60,71"
52001,52,HAUTE MARNE,1,1ère circonscription,74479,13968,"18,75",60511,"81,25",4294,"5,77","7,1",56217,"75,48","92,9",26329,"35,35","46,83",29888,"40,13","53,17"
52002,52,HAUTE MARNE,2,2ème circonscription,64302,13463,"20,94",50839,"79,06",4006,"6,23","7,88",46833,"72,83","92,12",20636,"32,09","44,06",26197,"40,74","55,94"
53001,53,MAYENNE,1,1ère circonscription,72580,12100,"16,67",60480,"83,33",3748,"5,16","6,2",56732,"78,16","93,8",29104,"40,1","51,3",27628,"38,07","48,7"
53002,53,MAYENNE,2,2ème circonscription,76644,11993,"15,65",64651,"84,35",3826,"4,99","5,92",60825,"79,36","94,08",27223,"35,52","44,76",33602,"43,84","55,24"
53003,53,MAYENNE,3,3ème circonscription,72270,11338,"15,69",60932,"84,31",3920,"5,42","6,43",57012,"78,89","93,57",25595,"35,42","44,89",31417,"43,47","55,11"
54001,54,MEURTHE ET MOSELLE,1,1ère circonscription,80616,17072,"21,18",63544,"78,82",3225,4,"5,08",60319,"74,82","94,92",32406,"40,2","53,72",27913,"34,62","46,28"
54002,54,MEURTHE ET MOSELLE,2,2ème circonscription,70864,14440,"20,38",56424,"79,62",2833,4,"5,02",53591,"75,63","94,98",28409,"40,09","53,01",25182,"35,54","46,99"
54003,54,MEURTHE ET MOSELLE,3,3ème circonscription,82993,18805,"22,66",64188,"77,34",3808,"4,59","5,93",60380,"72,75","94,07",35571,"42,86","58,91",24809,"29,89","41,09"
54004,54,MEURTHE ET MOSELLE,4,4ème circonscription,97160,18715,"19,26",78445,"80,74",5632,"5,8","7,18",72813,"74,94","92,82",36007,"37,06","49,45",36806,"37,88","50,55"
54005,54,MEURTHE ET MOSELLE,5,5ème circonscription,76585,13522,"17,66",63063,"82,34",4393,"5,74","6,97",58670,"76,61","93,03",27670,"36,13","47,16",31000,"40,48","52,84"
54006,54,MEURTHE ET MOSELLE,6,6ème circonscription,87234,17893,"20,51",69341,"79,49",4557,"5,22","6,57",64784,"74,26","93,43",36565,"41,92","56,44",28219,"32,35","43,56"
55001,55,MEUSE,1,1ère circonscription,78875,13739,"17,42",65136,"82,58",5169,"6,55","7,94",59967,"76,03","92,06",28079,"35,6","46,82",31888,"40,43","53,18"
55002,55,MEUSE,2,2ème circonscription,61238,12085,"19,73",49153,"80,27",3362,"5,49","6,84",45791,"74,78","93,16",20781,"33,93","45,38",25010,"40,84","54,62"
56001,56,MORBIHAN,1,1ère circonscription,98724,14554,"14,74",84170,"85,26",4161,"4,21","4,94",80009,"81,04","95,06",38577,"39,08","48,22",41432,"41,97","51,78"
56002,56,MORBIHAN,2,2ème circonscription,98534,14869,"15,09",83665,"84,91",4790,"4,86","5,73",78875,"80,05","94,27",38970,"39,55","49,41",39905,"40,5","50,59"
56003,56,MORBIHAN,3,3ème circonscription,86756,12341,"14,22",74415,"85,78",4842,"5,58","6,51",69573,"80,19","93,49",35436,"40,85","50,93",34137,"39,35","49,07"
56004,56,MORBIHAN,4,4ème circonscription,102128,14649,"14,34",87479,"85,66",5073,"4,97","5,8",82406,"80,69","94,2",40898,"40,05","49,63",41508,"40,64","50,37"
56005,56,MORBIHAN,5,5ème circonscription,80376,15487,"19,27",64889,"80,73",3481,"4,33","5,36",61408,"76,4","94,64",35400,"44,04","57,65",26008,"32,36","42,35"
56006,56,MORBIHAN,6,6ème circonscription,89137,13519,"15,17",75618,"84,83",4748,"5,33","6,28",70870,"79,51","93,72",39967,"44,84","56,39",30903,"34,67","43,61"
57001,57,MOSELLE,1,1ère circonscription,88148,18992,"21,55",69156,"78,45",4226,"4,79","6,11",64930,"73,66","93,89",33939,"38,5","52,27",30991,"35,16","47,73"
57002,57,MOSELLE,2,2ème circonscription,76155,16193,"21,26",59962,"78,74",3425,"4,5","5,71",56537,"74,24","94,29",25749,"33,81","45,54",30788,"40,43","54,46"
57003,57,MOSELLE,3,3ème circonscription,74036,16339,"22,07",57697,"77,93",3418,"4,62","5,92",54279,"73,31","94,08",25798,"34,85","47,53",28481,"38,47","52,47"
57004,57,MOSELLE,4,4ème circonscription,81107,14888,"18,36",66219,"81,64",4831,"5,96","7,3",61388,"75,69","92,7",22529,"27,78","36,7",38859,"47,91","63,3"
57005,57,MOSELLE,5,5ème circonscription,74554,15449,"20,72",59105,"79,28",4390,"5,89","7,43",54715,"73,39","92,57",21586,"28,95","39,45",33129,"44,44","60,55"
57006,57,MOSELLE,6,6ème circonscription,72291,18061,"24,98",54230,"75,02",3394,"4,69","6,26",50836,"70,32","93,74",23887,"33,04","46,99",26949,"37,28","53,01"
57007,57,MOSELLE,7,7ème circonscription,91536,19969,"21,82",71567,"78,18",5053,"5,52","7,06",66514,"72,66","92,94",30158,"32,95","45,34",36356,"39,72","54,66"
57008,57,MOSELLE,8,8ème circonscription,90881,22621,"24,89",68260,"75,11",4260,"4,69","6,24",64000,"70,42","93,76",37222,"40,96","58,16",26778,"29,46","41,84"
57009,57,MOSELLE,9,9ème circonscription,97053,20779,"21,41",76274,"78,59",4824,"4,97","6,32",71450,"73,62","93,68",32413,"33,4","45,36",39037,"40,22","54,64"
58001,58,NIEVRE,1,1ère circonscription,78212,15697,"20,07",62515,"79,93",4150,"5,31","6,64",58365,"74,62","93,36",34613,"44,26","59,3",23752,"30,37","40,7"
58002,58,NIEVRE,2,2ème circonscription,86703,15393,"17,75",71310,"82,25",4830,"5,57","6,77",66480,"76,68","93,23",38811,"44,76","58,38",27669,"31,91","41,62"
59001,59,NORD,1,1ère circonscription,60435,15561,"25,75",44874,"74,25",2154,"3,56","4,8",42720,"70,69","95,2",26517,"43,88","62,07",16203,"26,81","37,93"
59002,59,NORD,2,2ème circonscription,87219,19597,"22,47",67622,"77,53",3584,"4,11","5,3",64038,"73,42","94,7",38954,"44,66","60,83",25084,"28,76","39,17"
59003,59,NORD,3,3ème circonscription,97160,23661,"24,35",73499,"75,65",4863,"5,01","6,62",68636,"70,64","93,38",35959,"37,01","52,39",32677,"33,63","47,61"
59004,59,NORD,4,4ème circonscription,97112,21048,"21,67",76064,"78,33",3883,4,"5,1",72181,"74,33","94,9",33092,"34,08","45,85",39089,"40,25","54,15"
59005,59,NORD,5,5ème circonscription,96417,18551,"19,24",77866,"80,76",5143,"5,33","6,6",72723,"75,43","93,4",36558,"37,92","50,27",36165,"37,51","49,73"
59006,59,NORD,6,6ème circonscription,84620,13308,"15,73",71312,"84,27",4051,"4,79","5,68",67261,"79,49","94,32",29502,"34,86","43,86",37759,"44,62","56,14"
59007,59,NORD,7,7ème circonscription,72079,16380,"22,73",55699,"77,27",2930,"4,06","5,26",52769,"73,21","94,74",24873,"34,51","47,14",27896,"38,7","52,86"
59008,59,NORD,8,8ème circonscription,68964,19810,"28,73",49154,"71,27",2542,"3,69","5,17",46612,"67,59","94,83",28522,"41,36","61,19",18090,"26,23","38,81"
59009,59,NORD,9,9ème circonscription,89185,20618,"23,12",68567,"76,88",2953,"3,31","4,31",65614,"73,57","95,69",27379,"30,7","41,73",38235,"42,87","58,27"
59010,59,NORD,10,10ème circonscription,80289,20829,"25,94",59460,"74,06",3288,"4,1","5,53",56172,"69,96","94,47",26292,"32,75","46,81",29880,"37,22","53,19"
59011,59,NORD,11,11ème circonscription,90349,20978,"23,22",69371,"76,78",4062,"4,5","5,86",65309,"72,29","94,14",35159,"38,91","53,83",30150,"33,37","46,17"
59012,59,NORD,12,12ème circonscription,93071,18800,"20,2",74271,"79,8",5149,"5,53","6,93",69122,"74,27","93,07",37340,"40,12","54,02",31782,"34,15","45,98"
59013,59,NORD,13,13ème circonscription,90508,20027,"22,13",70481,"77,87",5443,"6,01","7,72",65038,"71,86","92,28",38852,"42,93","59,74",26186,"28,93","40,26"
59014,59,NORD,14,14ème circonscription,98708,17460,"17,69",81248,"82,31",5783,"5,86","7,12",75465,"76,45","92,88",37326,"37,81","49,46",38139,"38,64","50,54"
59015,59,NORD,15,15ème circonscription,95158,17208,"18,08",77950,"81,92",5134,"5,4","6,59",72816,"76,52","93,41",35876,"37,7","49,27",36940,"38,82","50,73"
59016,59,NORD,16,16ème circonscription,83555,18724,"22,41",64831,"77,59",4551,"5,45","7,02",60280,"72,14","92,98",38328,"45,87","63,58",21952,"26,27","36,42"
59017,59,NORD,17,17ème circonscription,75013,16376,"21,83",58637,"78,17",3884,"5,18","6,62",54753,"72,99","93,38",31016,"41,35","56,65",23737,"31,64","43,35"
59018,59,NORD,18,18ème circonscription,91928,19837,"21,58",72091,"78,42",4978,"5,42","6,91",67113,"73,01","93,09",34827,"37,89","51,89",32286,"35,12","48,11"
59019,59,NORD,19,19ème circonscription,79014,18199,"23,03",60815,"76,97",4566,"5,78","7,51",56249,"71,19","92,49",34197,"43,28","60,8",22052,"27,91","39,2"
59020,59,NORD,20,20ème circonscription,80785,20752,"25,69",60033,"74,31",4139,"5,12","6,89",55894,"69,19","93,11",31211,"38,63","55,84",24683,"30,55","44,16"
59021,59,NORD,21,21ème circonscription,81041,18688,"23,06",62353,"76,94",3963,"4,89","6,36",58390,"72,05","93,64",30493,"37,63","52,22",27897,"34,42","47,78"
60001,60,OISE,1,1ère circonscription,80713,15071,"18,67",65642,"81,33",4872,"6,04","7,42",60770,"75,29","92,58",29508,"36,56","48,56",31262,"38,73","51,44"
60002,60,OISE,2,2ème circonscription,85960,15818,"18,4",70142,"81,6",4860,"5,65","6,93",65282,"75,94","93,07",28643,"33,32","43,88",36639,"42,62","56,12"
60003,60,OISE,3,3ème circonscription,71225,14448,"20,29",56777,"79,71",3456,"4,85","6,09",53321,"74,86","93,91",28214,"39,61","52,91",25107,"35,25","47,09"
60004,60,OISE,4,4ème circonscription,90210,17087,"18,94",73123,"81,06",4128,"4,58","5,65",68995,"76,48","94,35",27455,"30,43","39,79",41540,"46,05","60,21"
60005,60,OISE,5,5ème circonscription,71301,14282,"20,03",57019,"79,97",3942,"5,53","6,91",53077,"74,44","93,09",26328,"36,93","49,6",26749,"37,52","50,4"
60006,60,OISE,6,6ème circonscription,74658,14772,"19,79",59886,"80,21",4150,"5,56","6,93",55736,"74,66","93,07",26573,"35,59","47,68",29163,"39,06","52,32"
60007,60,OISE,7,7ème circonscription,75030,14606,"19,47",60424,"80,53",4172,"5,56","6,9",56252,"74,97","93,1",28980,"38,62","51,52",27272,"36,35","48,48"
61001,61,ORNE,1,1ère circonscription,71162,12355,"17,36",58807,"82,64",3963,"5,57","6,74",54844,"77,07","93,26",25861,"36,34","47,15",28983,"40,73","52,85"
61002,61,ORNE,2,2ème circonscription,68815,11948,"17,36",56867,"82,64",3734,"5,43","6,57",53133,"77,21","93,43",22472,"32,66","42,29",30661,"44,56","57,71"
61003,61,ORNE,3,3ème circonscription,72528,11757,"16,21",60771,"83,79",4082,"5,63","6,72",56689,"78,16","93,28",29246,"40,32","51,59",27443,"37,84","48,41"
62001,62,PAS DE CALAIS,1,1ère circonscription,103026,15712,"15,25",87314,"84,75",6394,"6,21","7,32",80920,"78,54","92,68",39667,"38,5","49,02",41253,"40,04","50,98"
62002,62,PAS DE CALAIS,2,2ème circonscription,84245,14673,"17,42",69572,"82,58",4527,"5,37","6,51",65045,"77,21","93,49",34929,"41,46","53,7",30116,"35,75","46,3"
62003,62,PAS DE CALAIS,3,3ème circonscription,87301,22258,"25,5",65043,"74,5",5110,"5,85","7,86",59933,"68,65","92,14",38379,"43,96","64,04",21554,"24,69","35,96"
62004,62,PAS DE CALAIS,4,4ème circonscription,87419,14389,"16,46",73030,"83,54",4343,"4,97","5,95",68687,"78,57","94,05",32003,"36,61","46,59",36684,"41,96","53,41"
62005,62,PAS DE CALAIS,5,5ème circonscription,89821,18583,"20,69",71238,"79,31",4330,"4,82","6,08",66908,"74,49","93,92",38454,"42,81","57,47",28454,"31,68","42,53"
62006,62,PAS DE CALAIS,6,6ème circonscription,88970,13063,"14,68",75907,"85,32",5353,"6,02","7,05",70554,"79,3","92,95",36629,"41,17","51,92",33925,"38,13","48,08"
62007,62,PAS DE CALAIS,7,7ème circonscription,92216,21176,"22,96",71040,"77,04",4887,"5,3","6,88",66153,"71,74","93,12",37924,"41,13","57,33",28229,"30,61","42,67"
62008,62,PAS DE CALAIS,8,8ème circonscription,93138,18147,"19,48",74991,"80,52",5432,"5,83","7,24",69559,"74,68","92,76",40615,"43,61","58,39",28944,"31,08","41,61"
62009,62,PAS DE CALAIS,9,9ème circonscription,79264,15517,"19,58",63747,"80,42",4489,"5,66","7,04",59258,"74,76","92,96",31366,"39,57","52,93",27892,"35,19","47,07"
62010,62,PAS DE CALAIS,10,10ème circonscription,89733,21548,"24,01",68185,"75,99",5233,"5,83","7,67",62952,"70,15","92,33",39443,"43,96","62,66",23509,"26,2","37,34"
62011,62,PAS DE CALAIS,11,11ème circonscription,94031,23360,"24,84",70671,"75,16",5880,"6,25","8,32",64791,"68,9","91,68",39158,"41,64","60,44",25633,"27,26","39,56"
62012,62,PAS DE CALAIS,12,12ème circonscription,94502,22186,"23,48",72316,"76,52",5958,"6,3","8,24",66358,"70,22","91,76",41536,"43,95","62,59",24822,"26,27","37,41"
63001,63,PUY DE DOME,1,1ère circonscription,80460,14961,"18,59",65499,"81,41",3687,"4,58","5,63",61812,"76,82","94,37",39876,"49,56","64,51",21936,"27,26","35,49"
63002,63,PUY DE DOME,2,2ème circonscription,86245,12984,"15,05",73261,"84,95",5396,"6,26","7,37",67865,"78,69","92,63",41302,"47,89","60,86",26563,"30,8","39,14"
63003,63,PUY DE DOME,3,3ème circonscription,86750,13915,"16,04",72835,"83,96",4138,"4,77","5,68",68697,"79,19","94,32",37902,"43,69","55,17",30795,"35,5","44,83"
63004,63,PUY DE DOME,4,4ème circonscription,95475,14831,"15,53",80644,"84,47",5108,"5,35","6,33",75536,"79,12","93,67",47691,"49,95","63,14",27845,"29,16","36,86"
63005,63,PUY DE DOME,5,5ème circonscription,100351,16262,"16,21",84089,"83,79",6407,"6,38","7,62",77682,"77,41","92,38",45826,"45,67","58,99",31856,"31,74","41,01"
64001,64,PYRENEES ATLANTIQUES,1,1ère circonscription,68781,12279,"17,85",56502,"82,15",3356,"4,88","5,94",53146,"77,27","94,06",30797,"44,78","57,95",22349,"32,49","42,05"
64002,64,PYRENEES ATLANTIQUES,2,2ème circonscription,77659,11806,"15,2",65853,"84,8",4459,"5,74","6,77",61394,"79,06","93,23",34925,"44,97","56,89",26469,"34,08","43,11"
64003,64,PYRENEES ATLANTIQUES,3,3ème circonscription,81905,12088,"14,76",69817,"85,24",4657,"5,69","6,67",65160,"79,56","93,33",39579,"48,32","60,74",25581,"31,23","39,26"
64004,64,PYRENEES ATLANTIQUES,4,4ème circonscription,80341,11772,"14,65",68569,"85,35",4715,"5,87","6,88",63854,"79,48","93,12",38116,"47,44","59,69",25738,"32,04","40,31"
64005,64,PYRENEES ATLANTIQUES,5,5ème circonscription,85463,15204,"17,79",70259,"82,21",3903,"4,57","5,56",66356,"77,64","94,44",37665,"44,07","56,76",28691,"33,57","43,24"
64006,64,PYRENEES ATLANTIQUES,6,6ème circonscription,94833,16719,"17,63",78114,"82,37",4686,"4,94",6,73428,"77,43",94,37882,"39,95","51,59",35546,"37,48","48,41"
65001,65,HAUTES PYRENEES,1,1ère circonscription,88404,15039,"17,01",73365,"82,99",4626,"5,23","6,31",68739,"77,76","93,69",44654,"50,51","64,96",24085,"27,24","35,04"
65002,65,HAUTES PYRENEES,2,2ème circonscription,89035,14116,"15,85",74919,"84,15",4687,"5,26","6,26",70232,"78,88","93,74",42155,"47,35","60,02",28077,"31,53","39,98"
66001,66,PYRENEES ORIENTALES,1,1ère circonscription,67593,13078,"19,35",54515,"80,65",3407,"5,04","6,25",51108,"75,61","93,75",25420,"37,61","49,74",25688,38,"50,26"
66002,66,PYRENEES ORIENTALES,2,2ème circonscription,89165,15101,"16,94",74064,"83,06",5324,"5,97","7,19",68740,"77,09","92,81",32832,"36,82","47,76",35908,"40,27","52,24"
66003,66,PYRENEES ORIENTALES,3,3ème circonscription,80169,14632,"18,25",65537,"81,75",4446,"5,55","6,78",61091,"76,2","93,22",32360,"40,36","52,97",28731,"35,84","47,03"
66004,66,PYRENEES ORIENTALES,4,4ème circonscription,92366,15803,"17,11",76563,"82,89",5209,"5,64","6,8",71354,"77,25","93,2",37013,"40,07","51,87",34341,"37,18","48,13"
67001,67,BAS RHIN,1,1ère circonscription,63888,14439,"22,6",49449,"77,4",1705,"2,67","3,45",47744,"74,73","96,55",27005,"42,27","56,56",20739,"32,46","43,44"
67002,67,BAS RHIN,2,2ème circonscription,71135,17021,"23,93",54114,"76,07",2403,"3,38","4,44",51711,"72,69","95,56",26660,"37,48","51,56",25051,"35,22","48,44"
67003,67,BAS RHIN,3,3ème circonscription,68314,15502,"22,69",52812,"77,31",2454,"3,59","4,65",50358,"73,72","95,35",23978,"35,1","47,62",26380,"38,62","52,38"
67004,67,BAS RHIN,4,4ème circonscription,89836,15667,"17,44",74169,"82,56",3838,"4,27","5,17",70331,"78,29","94,83",23801,"26,49","33,84",46530,"51,79","66,16"
67005,67,BAS RHIN,5,5ème circonscription,98395,18407,"18,71",79988,"81,29",5034,"5,12","6,29",74954,"76,18","93,71",24690,"25,09","32,94",50264,"51,08","67,06"
67006,67,BAS RHIN,6,6ème circonscription,91117,16712,"18,34",74405,"81,66",4581,"5,03","6,16",69824,"76,63","93,84",22688,"24,9","32,49",47136,"51,73","67,51"
67007,67,BAS RHIN,7,7ème circonscription,84560,15573,"18,42",68987,"81,58",4683,"5,54","6,79",64304,"76,05","93,21",19078,"22,56","29,67",45226,"53,48","70,33"
67008,67,BAS RHIN,8,8ème circonscription,92690,18199,"19,63",74491,"80,37",5130,"5,53","6,89",69361,"74,83","93,11",18677,"20,15","26,93",50684,"54,68","73,07"
67009,67,BAS RHIN,9,9ème circonscription,88193,16880,"19,14",71313,"80,86",3998,"4,53","5,61",67315,"76,33","94,39",20314,"23,03","30,18",47001,"53,29","69,82"
68001,68,HAUT RHIN,1,1ère circonscription,74587,15977,"21,42",58610,"78,58",3620,"4,85","6,18",54990,"73,73","93,82",21030,"28,2","38,24",33960,"45,53","61,76"
68002,68,HAUT RHIN,2,2ème circonscription,91097,16751,"18,39",74346,"81,61",5167,"5,67","6,95",69179,"75,94","93,05",24351,"26,73","35,2",44828,"49,21","64,8"
68003,68,HAUT RHIN,3,3ème circonscription,83493,14864,"17,8",68629,"82,2",3904,"4,68","5,69",64725,"77,52","94,31",18688,"22,38","28,87",46037,"55,14","71,13"
68004,68,HAUT RHIN,4,4ème circonscription,99180,18442,"18,59",80738,"81,41",5701,"5,75","7,06",75037,"75,66","92,94",27735,"27,96","36,96",47302,"47,69","63,04"
68005,68,HAUT RHIN,5,5ème circonscription,78793,17953,"22,79",60840,"77,21",3638,"4,62","5,98",57202,"72,6","94,02",23843,"30,26","41,68",33359,"42,34","58,32"
68006,68,HAUT RHIN,6,6ème circonscription,92425,19651,"21,26",72774,"78,74",4648,"5,03","6,39",68126,"73,71","93,61",27077,"29,3","39,75",41049,"44,41","60,25"
69001,69,RHONE,1,1ère circonscription,68071,14866,"21,84",53205,"78,16",2327,"3,42","4,37",50878,"74,74","95,63",27464,"40,35","53,98",23414,"34,4","46,02"
69002,69,RHONE,2,2ème circonscription,74893,15432,"20,61",59461,"79,39",2067,"2,76","3,48",57394,"76,63","96,52",32700,"43,66","56,97",24694,"32,97","43,03"
69003,69,RHONE,3,3ème circonscription,70308,15049,"21,4",55259,"78,6",2275,"3,24","4,12",52984,"75,36","95,88",29767,"42,34","56,18",23217,"33,02","43,82"
69004,69,RHONE,4,4ème circonscription,79447,16028,"20,17",63419,"79,83",2365,"2,98","3,73",61054,"76,85","96,27",28158,"35,44","46,12",32896,"41,41","53,88"
69005,69,RHONE,5,5ème circonscription,80488,12364,"15,36",68124,"84,64",2841,"3,53","4,17",65283,"81,11","95,83",25400,"31,56","38,91",39883,"49,55","61,09"
69006,69,RHONE,6,6ème circonscription,78330,16515,"21,08",61815,"78,92",2664,"3,4","4,31",59151,"75,52","95,69",34315,"43,81","58,01",24836,"31,71","41,99"
69007,69,RHONE,7,7ème circonscription,64668,14979,"23,16",49689,"76,84",2158,"3,34","4,34",47531,"73,5","95,66",27571,"42,63","58,01",19960,"30,87","41,99"
69008,69,RHONE,8,8ème circonscription,98458,15979,"16,23",82479,"83,77",4287,"4,35","5,2",78192,"79,42","94,8",30616,"31,1","39,15",47576,"48,32","60,85"
69009,69,RHONE,9,9ème circonscription,85806,14842,"17,3",70964,"82,7",3913,"4,56","5,51",67051,"78,14","94,49",26371,"30,73","39,33",40680,"47,41","60,67"
69010,69,RHONE,10,10ème circonscription,89618,14051,"15,68",75567,"84,32",3705,"4,13","4,9",71862,"80,19","95,1",28523,"31,83","39,69",43339,"48,36","60,31"
69011,69,RHONE,11,11ème circonscription,85359,13843,"16,22",71516,"83,78",3949,"4,63","5,52",67567,"79,16","94,48",31554,"36,97","46,7",36013,"42,19","53,3"
69012,69,RHONE,12,12ème circonscription,76140,12972,"17,04",63168,"82,96",2852,"3,75","4,51",60316,"79,22","95,49",27839,"36,56","46,16",32477,"42,65","53,84"
69013,69,RHONE,13,13ème circonscription,79379,14420,"18,17",64959,"81,83",3286,"4,14","5,06",61673,"77,69","94,94",27133,"34,18","43,99",34540,"43,51","56,01"
69014,69,RHONE,14,14ème circonscription,70011,15798,"22,57",54213,"77,43",2880,"4,11","5,31",51333,"73,32","94,69",31488,"44,98","61,34",19845,"28,35","38,66"
70001,70,HAUTE SAONE,1,1ère circonscription,88777,13871,"15,62",74906,"84,38",5817,"6,55","7,77",69089,"77,82","92,23",33188,"37,38","48,04",35901,"40,44","51,96"
70002,70,HAUTE SAONE,2,2ème circonscription,91821,15887,"17,3",75934,"82,7",6708,"7,31","8,83",69226,"75,39","91,17",35468,"38,63","51,24",33758,"36,77","48,76"
71001,71,SAONE ET LOIRE,1,1ère circonscription,72491,13671,"18,86",58820,"81,14",3512,"4,84","5,97",55308,"76,3","94,03",26990,"37,23","48,8",28318,"39,06","51,2"
71002,71,SAONE ET LOIRE,2,2ème circonscription,81290,14448,"17,77",66842,"82,23",4683,"5,76","7,01",62159,"76,47","92,99",31626,"38,91","50,88",30533,"37,56","49,12"
71003,71,SAONE ET LOIRE,3,3ème circonscription,83706,15014,"17,94",68692,"82,06",4951,"5,91","7,21",63741,"76,15","92,79",33141,"39,59","51,99",30600,"36,56","48,01"
71004,71,SAONE ET LOIRE,4,4ème circonscription,81201,14565,"17,94",66636,"82,06",5012,"6,17","7,52",61624,"75,89","92,48",31429,"38,71",51,30195,"37,19",49
71005,71,SAONE ET LOIRE,5,5ème circonscription,91158,18893,"20,73",72265,"79,27",5103,"5,6","7,06",67162,"73,68","92,94",37565,"41,21","55,93",29597,"32,47","44,07"
72001,72,SARTHE,1,1ère circonscription,72536,13257,"18,28",59279,"81,72",3744,"5,16","6,32",55535,"76,56","93,68",27972,"38,56","50,37",27563,38,"49,63"
72002,72,SARTHE,2,2ème circonscription,83329,17059,"20,47",66270,"79,53",4594,"5,51","6,93",61676,"74,02","93,07",36046,"43,26","58,44",25630,"30,76","41,56"
72003,72,SARTHE,3,3ème circonscription,84783,14679,"17,31",70104,"82,69",5059,"5,97","7,22",65045,"76,72","92,78",33410,"39,41","51,36",31635,"37,31","48,64"
72004,72,SARTHE,4,4ème circonscription,78833,14159,"17,96",64674,"82,04",4402,"5,58","6,81",60272,"76,46","93,19",31721,"40,24","52,63",28551,"36,22","47,37"
72005,72,SARTHE,5,5ème circonscription,87415,15554,"17,79",71861,"82,21",4960,"5,67","6,9",66901,"76,53","93,1",33826,"38,7","50,56",33075,"37,84","49,44"
73001,73,SAVOIE,1,1ère circonscription,82089,14041,"17,1",68048,"82,9",4162,"5,07","6,12",63886,"77,83","93,88",27883,"33,97","43,64",36003,"43,86","56,36"
73002,73,SAVOIE,2,2ème circonscription,74878,14359,"19,18",60519,"80,82",3743,5,"6,18",56776,"75,82","93,82",24775,"33,09","43,64",32001,"42,74","56,36"
73003,73,SAVOIE,3,3ème circonscription,70313,11681,"16,61",58632,"83,39",4037,"5,74","6,89",54595,"77,65","93,11",26492,"37,68","48,52",28103,"39,97","51,48"
73004,73,SAVOIE,4,4ème circonscription,71607,12498,"17,45",59109,"82,55",3447,"4,81","5,83",55662,"77,73","94,17",29536,"41,25","53,06",26126,"36,49","46,94"
74001,74,HAUTE SAVOIE,1,1ère circonscription,93038,15251,"16,39",77787,"83,61",4527,"4,87","5,82",73260,"78,74","94,18",30104,"32,36","41,09",43156,"46,39","58,91"
74002,74,HAUTE SAVOIE,2,2ème circonscription,90336,15911,"17,61",74425,"82,39",4121,"4,56","5,54",70304,"77,83","94,46",30022,"33,23","42,7",40282,"44,59","57,3"
74003,74,HAUTE SAVOIE,3,3ème circonscription,75139,12621,"16,8",62518,"83,2",3890,"5,18","6,22",58628,"78,03","93,78",23303,"31,01","39,75",35325,"47,01","60,25"
74004,74,HAUTE SAVOIE,4,4ème circonscription,80417,17515,"21,78",62902,"78,22",3242,"4,03","5,15",59660,"74,19","94,85",24218,"30,12","40,59",35442,"44,07","59,41"
74005,74,HAUTE SAVOIE,5,5ème circonscription,89880,17715,"19,71",72165,"80,29",3946,"4,39","5,47",68219,"75,9","94,53",26342,"29,31","38,61",41877,"46,59","61,39"
74006,74,HAUTE SAVOIE,6,6ème circonscription,75743,14987,"19,79",60756,"80,21",3277,"4,33","5,39",57479,"75,89","94,61",20633,"27,24","35,9",36846,"48,65","64,1"
75001,75,PARIS,1,1ère circonscription,76654,12666,"16,52",63988,"83,48",1794,"2,34","2,8",62194,"81,14","97,2",27994,"36,52","45,01",34200,"44,62","54,99"
75002,75,PARIS,2,2ème circonscription,71232,10727,"15,06",60505,"84,94",1831,"2,57","3,03",58674,"82,37","96,97",26397,"37,06","44,99",32277,"45,31","55,01"
75003,75,PARIS,3,3ème circonscription,65035,12046,"18,52",52989,"81,48",1815,"2,79","3,43",51174,"78,69","96,57",29812,"45,84","58,26",21362,"32,85","41,74"
75004,75,PARIS,4,4ème circonscription,67298,10301,"15,31",56997,"84,69",1339,"1,99","2,35",55658,"82,7","97,65",13820,"20,54","24,83",41838,"62,17","75,17"
75005,75,PARIS,5,5ème circonscription,70936,12043,"16,98",58893,"83,02",1722,"2,43","2,92",57171,"80,6","97,08",38301,"53,99","66,99",18870,"26,6","33,01"
75006,75,PARIS,6,6ème circonscription,73261,12475,"17,03",60786,"82,97",1798,"2,45","2,96",58988,"80,52","97,04",42043,"57,39","71,27",16945,"23,13","28,73"
75007,75,PARIS,7,7ème circonscription,72495,11977,"16,52",60518,"83,48",1911,"2,64","3,16",58607,"80,84","96,84",37301,"51,45","63,65",21306,"29,39","36,35"
75008,75,PARIS,8,8ème circonscription,80103,13590,"16,97",66513,"83,03",2465,"3,08","3,71",64048,"79,96","96,29",37640,"46,99","58,77",26408,"32,97","41,23"
75009,75,PARIS,9,9ème circonscription,66565,11572,"17,38",54993,"82,62",2170,"3,26","3,95",52823,"79,36","96,05",34538,"51,89","65,38",18285,"27,47","34,62"
75010,75,PARIS,10,10ème circonscription,66671,11891,"17,84",54780,"82,16",2073,"3,11","3,78",52707,"79,06","96,22",33458,"50,18","63,48",19249,"28,87","36,52"
75011,75,PARIS,11,11ème circonscription,69633,10778,"15,48",58855,"84,52",1869,"2,68","3,18",56986,"81,84","96,82",31820,"45,7","55,84",25166,"36,14","44,16"
75012,75,PARIS,12,12ème circonscription,71329,11063,"15,51",60266,"84,49",1862,"2,61","3,09",58404,"81,88","96,91",24118,"33,81","41,3",34286,"48,07","58,7"
75013,75,PARIS,13,13ème circonscription,72637,12017,"16,54",60620,"83,46",2064,"2,84","3,4",58556,"80,61","96,6",28015,"38,57","47,84",30541,"42,05","52,16"
75014,75,PARIS,14,14ème circonscription,69995,10608,"15,16",59387,"84,84",1372,"1,96","2,31",58015,"82,88","97,69",13574,"19,39","23,4",44441,"63,49","76,6"
75015,75,PARIS,15,15ème circonscription,73920,13507,"18,27",60413,"81,73",2092,"2,83","3,46",58321,"78,9","96,54",41123,"55,63","70,51",17198,"23,27","29,49"
75016,75,PARIS,16,16ème circonscription,66167,12501,"18,89",53666,"81,11",1684,"2,55","3,14",51982,"78,56","96,86",35173,"53,16","67,66",16809,"25,4","32,34"
75017,75,PARIS,17,17ème circonscription,54987,11480,"20,88",43507,"79,12",1422,"2,59","3,27",42085,"76,54","96,73",30336,"55,17","72,08",11749,"21,37","27,92"
75018,75,PARIS,18,18ème circonscription,65001,11628,"17,89",53373,"82,11",1805,"2,78","3,38",51568,"79,33","96,62",34998,"53,84","67,87",16570,"25,49","32,13"
76001,76,SEINE MARITIME,1,1ère circonscription,64740,12907,"19,94",51833,"80,06",2334,"3,61","4,5",49499,"76,46","95,5",27840,43,"56,24",21659,"33,46","43,76"
76002,76,SEINE MARITIME,2,2ème circonscription,91257,14850,"16,27",76407,"83,73",4371,"4,79","5,72",72036,"78,94","94,28",33423,"36,63","46,4",38613,"42,31","53,6"
76003,76,SEINE MARITIME,3,3ème circonscription,69206,13806,"19,95",55400,"80,05",3243,"4,69","5,85",52157,"75,36","94,15",34855,"50,36","66,83",17302,25,"33,17"
76004,76,SEINE MARITIME,4,4ème circonscription,88876,17927,"20,17",70949,"79,83",4574,"5,15","6,45",66375,"74,68","93,55",42415,"47,72","63,9",23960,"26,96","36,1"
76005,76,SEINE MARITIME,5,5ème circonscription,94057,16873,"17,94",77184,"82,06",4912,"5,22","6,36",72272,"76,84","93,64",40828,"43,41","56,49",31444,"33,43","43,51"
76006,76,SEINE MARITIME,6,6ème circonscription,110245,19978,"18,12",90267,"81,88",5792,"5,25","6,42",84475,"76,62","93,58",42961,"38,97","50,86",41514,"37,66","49,14"
76007,76,SEINE MARITIME,7,7ème circonscription,89175,18672,"20,94",70503,"79,06",4383,"4,92","6,22",66120,"74,15","93,78",34193,"38,34","51,71",31927,"35,8","48,29"
76008,76,SEINE MARITIME,8,8ème circonscription,70472,18707,"26,55",51765,"73,45",3476,"4,93","6,71",48289,"68,52","93,29",31007,44,"64,21",17282,"24,52","35,79"
76009,76,SEINE MARITIME,9,9ème circonscription,92291,15648,"16,96",76643,"83,04",4871,"5,28","6,36",71772,"77,77","93,64",36862,"39,94","51,36",34910,"37,83","48,64"
76010,76,SEINE MARITIME,10,10ème circonscription,105810,16131,"15,25",89679,"84,75",5401,"5,1","6,02",84278,"79,65","93,98",42232,"39,91","50,11",42046,"39,74","49,89"
77001,77,SEINE ET MARNE,1,1ère circonscription,67693,13786,"20,37",53907,"79,63",2927,"4,32","5,43",50980,"75,31","94,57",24958,"36,87","48,96",26022,"38,44","51,04"
77002,77,SEINE ET MARNE,2,2ème circonscription,78756,14734,"18,71",64022,"81,29",3541,"4,5","5,53",60481,"76,8","94,47",27400,"34,79","45,3",33081,42,"54,7"
77003,77,SEINE ET MARNE,3,3ème circonscription,72366,12924,"17,86",59442,"82,14",3820,"5,28","6,43",55622,"76,86","93,57",27656,"38,22","49,72",27966,"38,65","50,28"
77004,77,SEINE ET MARNE,4,4ème circonscription,85026,15936,"18,74",69090,"81,26",4872,"5,73","7,05",64218,"75,53","92,95",27667,"32,54","43,08",36551,"42,99","56,92"
77005,77,SEINE ET MARNE,5,5ème circonscription,78791,15142,"19,22",63649,"80,78",3803,"4,83","5,97",59846,"75,96","94,03",26285,"33,36","43,92",33561,"42,59","56,08"
77006,77,SEINE ET MARNE,6,6ème circonscription,73970,14263,"19,28",59707,"80,72",3504,"4,74","5,87",56203,"75,98","94,13",26983,"36,48","48,01",29220,"39,5","51,99"
77007,77,SEINE ET MARNE,7,7ème circonscription,81813,15847,"19,37",65966,"80,63",3740,"4,57","5,67",62226,"76,06","94,33",30142,"36,84","48,44",32084,"39,22","51,56"
77008,77,SEINE ET MARNE,8,8ème circonscription,82720,15655,"18,93",67065,"81,07",3337,"4,03","4,98",63728,"77,04","95,02",32618,"39,43","51,18",31110,"37,61","48,82"
77009,77,SEINE ET MARNE,9,9ème circonscription,81986,16384,"19,98",65602,"80,02",3430,"4,18","5,23",62172,"75,83","94,77",29974,"36,56","48,21",32198,"39,27","51,79"
77010,77,SEINE ET MARNE,10,10ème circonscription,78394,16595,"21,17",61799,"78,83",3010,"3,84","4,87",58789,"74,99","95,13",34044,"43,43","57,91",24745,"31,56","42,09"
77011,77,SEINE ET MARNE,11,11ème circonscription,62477,12987,"20,79",49490,"79,21",3032,"4,85","6,13",46458,"74,36","93,87",27849,"44,57","59,94",18609,"29,79","40,06"
78001,78,YVELINES,1,1ère circonscription,82054,14153,"17,25",67901,"82,75",2704,"3,3","3,98",65197,"79,46","96,02",28838,"35,15","44,23",36359,"44,31","55,77"
78002,78,YVELINES,2,2ème circonscription,83080,13224,"15,92",69856,"84,08",3020,"3,64","4,32",66836,"80,45","95,68",28817,"34,69","43,12",38019,"45,76","56,88"
78003,78,YVELINES,3,3ème circonscription,81416,13368,"16,42",68048,"83,58",2349,"2,89","3,45",65699,"80,7","96,55",23744,"29,16","36,14",41955,"51,53","63,86"
78004,78,YVELINES,4,4ème circonscription,76846,13128,"17,08",63718,"82,92",2566,"3,34","4,03",61152,"79,58","95,97",26289,"34,21","42,99",34863,"45,37","57,01"
78005,78,YVELINES,5,5ème circonscription,72077,13525,"18,76",58552,"81,24",2370,"3,29","4,05",56182,"77,95","95,95",24635,"34,18","43,85",31547,"43,77","56,15"
78006,78,YVELINES,6,6ème circonscription,74120,14788,"19,95",59332,"80,05",2360,"3,18","3,98",56972,"76,86","96,02",23896,"32,24","41,94",33076,"44,62","58,06"
78007,78,YVELINES,7,7ème circonscription,78236,14199,"18,15",64037,"81,85",3097,"3,96","4,84",60940,"77,89","95,16",30058,"38,42","49,32",30882,"39,47","50,68"
78008,78,YVELINES,8,8ème circonscription,71079,14948,"21,03",56131,"78,97",2984,"4,2","5,32",53147,"74,77","94,68",29527,"41,54","55,56",23620,"33,23","44,44"
78009,78,YVELINES,9,9ème circonscription,89203,16012,"17,95",73191,"82,05",3875,"4,34","5,29",69316,"77,71","94,71",31819,"35,67","45,9",37497,"42,04","54,1"
78010,78,YVELINES,10,10ème circonscription,86616,12964,"14,97",73652,"85,03",3533,"4,08","4,8",70119,"80,95","95,2",31410,"36,26","44,8",38709,"44,69","55,2"
78011,78,YVELINES,11,11ème circonscription,65606,12834,"19,56",52772,"80,44",2365,"3,6","4,48",50407,"76,83","95,52",28772,"43,86","57,08",21635,"32,98","42,92"
78012,78,YVELINES,12,12ème circonscription,66300,11085,"16,72",55215,"83,28",2420,"3,65","4,38",52795,"79,63","95,62",25274,"38,12","47,87",27521,"41,51","52,13"
79001,79,DEUX SEVRES,1,1ère circonscription,88384,14898,"16,86",73486,"83,14",4025,"4,55","5,48",69461,"78,59","94,52",42333,"47,9","60,94",27128,"30,69","39,06"
79002,79,DEUX SEVRES,2,2ème circonscription,97190,14612,"15,03",82578,"84,97",5020,"5,17","6,08",77558,"79,8","93,92",46014,"47,34","59,33",31544,"32,46","40,67"
79003,79,DEUX SEVRES,3,3ème circonscription,85067,13262,"15,59",71805,"84,41",4439,"5,22","6,18",67366,"79,19","93,82",34511,"40,57","51,23",32855,"38,62","48,77"
80001,80,SOMME,1,1ère circonscription,85066,17392,"20,45",67674,"79,55",4444,"5,22","6,57",63230,"74,33","93,43",37635,"44,24","59,52",25595,"30,09","40,48"
80002,80,SOMME,2,2ème circonscription,74999,15166,"20,22",59833,"79,78",3420,"4,56","5,72",56413,"75,22","94,28",30734,"40,98","54,48",25679,"34,24","45,52"
80003,80,SOMME,3,3ème circonscription,84636,12926,"15,27",71710,"84,73",5009,"5,92","6,99",66701,"78,81","93,01",35412,"41,84","53,09",31289,"36,97","46,91"
80004,80,SOMME,4,4ème circonscription,82750,13147,"15,89",69603,"84,11",5051,"6,1","7,26",64552,"78,01","92,74",33243,"40,17","51,5",31309,"37,84","48,5"
80005,80,SOMME,5,5ème circonscription,81915,14558,"17,77",67357,"82,23",4830,"5,9","7,17",62527,"76,33","92,83",33505,"40,9","53,58",29022,"35,43","46,42"
81001,81,TARN,1,1ère circonscription,83056,12099,"14,57",70957,"85,43",4932,"5,94","6,95",66025,"79,49","93,05",35631,"42,9","53,97",30394,"36,59","46,03"
81002,81,TARN,2,2ème circonscription,102414,15296,"14,94",87118,"85,06",5969,"5,83","6,85",81149,"79,24","93,15",48628,"47,48","59,92",32521,"31,75","40,08"
81003,81,TARN,3,3ème circonscription,98400,14365,"14,6",84035,"85,4",5965,"6,06","7,1",78070,"79,34","92,9",40874,"41,54","52,36",37196,"37,8","47,64"
82001,82,TARN ET GARONNE,1,1ère circonscription,86100,13137,"15,26",72963,"84,74",4667,"5,42","6,4",68296,"79,32","93,6",35281,"40,98","51,66",33015,"38,34","48,34"
82002,82,TARN ET GARONNE,2,2ème circonscription,89237,13524,"15,16",75713,"84,84",5116,"5,73","6,76",70597,"79,11","93,24",35905,"40,24","50,86",34692,"38,88","49,14"
83001,83,VAR,1,1ère circonscription,73596,15701,"21,33",57895,"78,67",3031,"4,12","5,24",54864,"74,55","94,76",22006,"29,9","40,11",32858,"44,65","59,89"
83002,83,VAR,2,2ème circonscription,86859,16655,"19,17",70204,"80,83",4173,"4,8","5,94",66031,"76,02","94,06",27124,"31,23","41,08",38907,"44,79","58,92"
83003,83,VAR,3,3ème circonscription,97701,17706,"18,12",79995,"81,88",4231,"4,33","5,29",75764,"77,55","94,71",28087,"28,75","37,07",47677,"48,8","62,93"
83004,83,VAR,4,4ème circonscription,99220,17328,"17,46",81892,"82,54",4252,"4,29","5,19",77640,"78,25","94,81",25139,"25,34","32,38",52501,"52,91","67,62"
83005,83,VAR,5,5ème circonscription,91030,16640,"18,28",74390,"81,72",3753,"4,12","5,05",70637,"77,6","94,95",21701,"23,84","30,72",48936,"53,76","69,28"
83006,83,VAR,6,6ème circonscription,108011,19002,"17,59",89009,"82,41",5428,"5,03","6,1",83581,"77,38","93,9",33725,"31,22","40,35",49856,"46,16","59,65"
83007,83,VAR,7,7ème circonscription,101232,20360,"20,11",80872,"79,89",4321,"4,27","5,34",76551,"75,62","94,66",29202,"28,85","38,15",47349,"46,77","61,85"
83008,83,VAR,8,8ème circonscription,99661,18091,"18,15",81570,"81,85",4788,"4,8","5,87",76782,"77,04","94,13",30400,"30,5","39,59",46382,"46,54","60,41"
84001,84,VAUCLUSE,1,1ère circonscription,72367,14830,"20,49",57537,"79,51",3123,"4,32","5,43",54414,"75,19","94,57",28415,"39,27","52,22",25999,"35,93","47,78"
84002,84,VAUCLUSE,2,2ème circonscription,80339,13547,"16,86",66792,"83,14",4137,"5,15","6,19",62655,"77,99","93,81",26427,"32,89","42,18",36228,"45,09","57,82"
84003,84,VAUCLUSE,3,3ème circonscription,70877,12299,"17,35",58578,"82,65",4061,"5,73","6,93",54517,"76,92","93,07",21671,"30,58","39,75",32846,"46,34","60,25"
84004,84,VAUCLUSE,4,4ème circonscription,86026,14765,"17,16",71261,"82,84",4781,"5,56","6,71",66480,"77,28","93,29",26579,"30,9","39,98",39901,"46,38","60,02"
84005,84,VAUCLUSE,5,5ème circonscription,78449,13492,"17,2",64957,"82,8",3984,"5,08","6,13",60973,"77,72","93,87",27189,"34,66","44,59",33784,"43,06","55,41"
85001,85,VENDEE,1,1ère circonscription,102065,15580,"15,26",86485,"84,74",5139,"5,04","5,94",81346,"79,7","94,06",37805,"37,04","46,47",43541,"42,66","53,53"
85002,85,VENDEE,2,2ème circonscription,97821,14241,"14,56",83580,"85,44",4801,"4,91","5,74",78779,"80,53","94,26",37788,"38,63","47,97",40991,"41,9","52,03"
85003,85,VENDEE,3,3ème circonscription,113873,18320,"16,09",95553,"83,91",5157,"4,53","5,4",90396,"79,38","94,6",35943,"31,56","39,76",54453,"47,82","60,24"
85004,85,VENDEE,4,4ème circonscription,94436,12514,"13,25",81922,"86,75",5303,"5,62","6,47",76619,"81,13","93,53",31178,"33,01","40,69",45441,"48,12","59,31"
85005,85,VENDEE,5,5ème circonscription,80593,12464,"15,47",68129,"84,53",4099,"5,09","6,02",64030,"79,45","93,98",30972,"38,43","48,37",33058,"41,02","51,63"
86001,86,VIENNE,1,1ère circonscription,77165,13163,"17,06",64002,"82,94",3719,"4,82","5,81",60283,"78,12","94,19",36431,"47,21","60,43",23852,"30,91","39,57"
86002,86,VIENNE,2,2ème circonscription,75473,12599,"16,69",62874,"83,31",3369,"4,46","5,36",59505,"78,84","94,64",35486,"47,02","59,64",24019,"31,82","40,36"
86003,86,VIENNE,3,3ème circonscription,74860,11860,"15,84",63000,"84,16",3914,"5,23","6,21",59086,"78,93","93,79",32692,"43,67","55,33",26394,"35,26","44,67"
86004,86,VIENNE,4,4ème circonscription,76115,14850,"19,51",61265,"80,49",4408,"5,79","7,19",56857,"74,7","92,81",30145,"39,6","53,02",26712,"35,09","46,98"
87001,87,HAUTE VIENNE,1,1ère circonscription,84653,13533,"15,99",71120,"84,01",4743,"5,6","6,67",66377,"78,41","93,33",43769,"51,7","65,94",22608,"26,71","34,06"
87002,87,HAUTE VIENNE,2,2ème circonscription,96655,14026,"14,51",82629,"85,49",5702,"5,9","6,9",76927,"79,59","93,1",48567,"50,25","63,13",28360,"29,34","36,87"
87003,87,HAUTE VIENNE,3,3ème circonscription,83551,13284,"15,9",70267,"84,1",5009,6,"7,13",65258,"78,11","92,87",41131,"49,23","63,03",24127,"28,88","36,97"
88001,88,VOSGES,1,1ère circonscription,76567,14292,"18,67",62275,"81,33",4635,"6,05","7,44",57640,"75,28","92,56",28929,"37,78","50,19",28711,"37,5","49,81"
88002,88,VOSGES,2,2ème circonscription,74258,14148,"19,05",60110,"80,95",5315,"7,16","8,84",54795,"73,79","91,16",27253,"36,7","49,74",27542,"37,09","50,26"
88003,88,VOSGES,3,3ème circonscription,66684,11610,"17,41",55074,"82,59",4697,"7,04","8,53",50377,"75,55","91,47",23926,"35,88","47,49",26451,"39,67","52,51"
88004,88,VOSGES,4,4ème circonscription,67898,11503,"16,94",56395,"83,06",4432,"6,53","7,86",51963,"76,53","92,14",25263,"37,21","48,62",26700,"39,32","51,38"
89001,89,YONNE,1,1ère circonscription,78376,14198,"18,12",64178,"81,88",4165,"5,31","6,49",60013,"76,57","93,51",28754,"36,69","47,91",31259,"39,88","52,09"
89002,89,YONNE,2,2ème circonscription,77731,14374,"18,49",63357,"81,51",4585,"5,9","7,24",58772,"75,61","92,76",28569,"36,75","48,61",30203,"38,86","51,39"
89003,89,YONNE,3,3ème circonscription,89134,18320,"20,55",70814,"79,45",4867,"5,46","6,87",65947,"73,99","93,13",29287,"32,86","44,41",36660,"41,13","55,59"
90001,90,TERRITOIRE DE BELFORT,1,1ère circonscription,47143,8808,"18,68",38335,"81,32",2835,"6,01","7,4",35500,"75,3","92,6",17074,"36,22","48,1",18426,"39,09","51,9"
90002,90,TERRITOIRE DE BELFORT,2,2ème circonscription,47715,9187,"19,25",38528,"80,75",3039,"6,37","7,89",35489,"74,38","92,11",18792,"39,38","52,95",16697,"34,99","47,05"
91001,91,ESSONNE,1,1ère circonscription,70321,15996,"22,75",54325,"77,25",2688,"3,82","4,95",51637,"73,43","95,05",32892,"46,77","63,7",18745,"26,66","36,3"
91002,91,ESSONNE,2,2ème circonscription,87168,15239,"17,48",71929,"82,52",4301,"4,93","5,98",67628,"77,58","94,02",31153,"35,74","46,07",36475,"41,84","53,93"
91003,91,ESSONNE,3,3ème circonscription,91976,15792,"17,17",76184,"82,83",4314,"4,69","5,66",71870,"78,14","94,34",36098,"39,25","50,23",35772,"38,89","49,77"
91004,91,ESSONNE,4,4ème circonscription,92032,14537,"15,8",77495,"84,2",3847,"4,18","4,96",73648,"80,02","95,04",36090,"39,21",49,37558,"40,81",51
91005,91,ESSONNE,5,5ème circonscription,66570,10079,"15,14",56491,"84,86",2343,"3,52","4,15",54148,"81,34","95,85",29536,"44,37","54,55",24612,"36,97","45,45"
91006,91,ESSONNE,6,6ème circonscription,76078,13615,"17,9",62463,"82,1",3009,"3,96","4,82",59454,"78,15","95,18",33781,"44,4","56,82",25673,"33,75","43,18"
91007,91,ESSONNE,7,7ème circonscription,71630,13980,"19,52",57650,"80,48",3023,"4,22","5,24",54627,"76,26","94,76",29601,"41,32","54,19",25026,"34,94","45,81"
91008,91,ESSONNE,8,8ème circonscription,75241,14505,"19,28",60736,"80,72",3524,"4,68","5,8",57212,"76,04","94,2",30969,"41,16","54,13",26243,"34,88","45,87"
91009,91,ESSONNE,9,9ème circonscription,75958,13835,"18,21",62123,"81,79",3259,"4,29","5,25",58864,"77,5","94,75",30865,"40,63","52,43",27999,"36,86","47,57"
91010,91,ESSONNE,10,10ème circonscription,60594,12538,"20,69",48056,"79,31",2622,"4,33","5,46",45434,"74,98","94,54",26678,"44,03","58,72",18756,"30,95","41,28"
92001,92,HAUTS DE SEINE,1,1ère circonscription,59623,13306,"22,32",46317,"77,68",2113,"3,54","4,56",44204,"74,14","95,44",30926,"51,87","69,96",13278,"22,27","30,04"
92002,92,HAUTS DE SEINE,2,2ème circonscription,63523,10938,"17,22",52585,"82,78",1993,"3,14","3,79",50592,"79,64","96,21",25875,"40,73","51,14",24717,"38,91","48,86"
92003,92,HAUTS DE SEINE,3,3ème circonscription,76516,13870,"18,13",62646,"81,87",2645,"3,46","4,22",60001,"78,42","95,78",26217,"34,26","43,69",33784,"44,15","56,31"
92004,92,HAUTS DE SEINE,4,4ème circonscription,70809,13340,"18,84",57469,"81,16",2552,"3,6","4,44",54917,"77,56","95,56",33330,"47,07","60,69",21587,"30,49","39,31"
92005,92,HAUTS DE SEINE,5,5ème circonscription,68764,12292,"17,88",56472,"82,12",2112,"3,07","3,74",54360,"79,05","96,26",26658,"38,77","49,04",27702,"40,29","50,96"
92006,92,HAUTS DE SEINE,6,6ème circonscription,73415,10990,"14,97",62425,"85,03",1970,"2,68","3,16",60455,"82,35","96,84",18785,"25,59","31,07",41670,"56,76","68,93"
92007,92,HAUTS DE SEINE,7,7ème circonscription,83781,13036,"15,56",70745,"84,44",2659,"3,17","3,76",68086,"81,27","96,24",26469,"31,59","38,88",41617,"49,67","61,12"
92008,92,HAUTS DE SEINE,8,8ème circonscription,67007,10665,"15,92",56342,"84,08",2155,"3,22","3,82",54187,"80,87","96,18",24397,"36,41","45,02",29790,"44,46","54,98"
92009,92,HAUTS DE SEINE,9,9ème circonscription,61044,9877,"16,18",51167,"83,82",1790,"2,93","3,5",49377,"80,89","96,5",17127,"28,06","34,69",32250,"52,83","65,31"
92010,92,HAUTS DE SEINE,10,10ème circonscription,71670,12808,"17,87",58862,"82,13",2515,"3,51","4,27",56347,"78,62","95,73",30122,"42,03","53,46",26225,"36,59","46,54"
92011,92,HAUTS DE SEINE,11,11ème circonscription,67321,12748,"18,94",54573,"81,06",2186,"3,25","4,01",52387,"77,82","95,99",34353,"51,03","65,58",18034,"26,79","34,42"
92012,92,HAUTS DE SEINE,12,12ème circonscription,89831,14985,"16,68",74846,"83,32",3257,"3,63","4,35",71589,"79,69","95,65",38311,"42,65","53,52",33278,"37,05","46,48"
92013,92,HAUTS DE SEINE,13,13ème circonscription,85817,13196,"15,38",72621,"84,62",3179,"3,7","4,38",69442,"80,92","95,62",36558,"42,6","52,65",32884,"38,32","47,35"
93001,93,SEINE SAINT-DENIS,1,1ère circonscription,55129,14018,"25,43",41111,"74,57",1708,"3,1","4,15",39403,"71,47","95,85",28558,"51,8","72,48",10845,"19,67","27,52"
93002,93,SEINE SAINT-DENIS,2,2ème circonscription,51710,14041,"27,15",37669,"72,85",1504,"2,91","3,99",36165,"69,94","96,01",27788,"53,74","76,84",8377,"16,2","23,16"
93003,93,SEINE SAINT-DENIS,3,3ème circonscription,70647,14006,"19,83",56641,"80,17",2663,"3,77","4,7",53978,"76,41","95,3",31309,"44,32",58,22669,"32,09",42
93004,93,SEINE SAINT-DENIS,4,4ème circonscription,60088,15572,"25,92",44516,"74,08",2174,"3,62","4,88",42342,"70,47","95,12",29919,"49,79","70,66",12423,"20,67","29,34"
93005,93,SEINE SAINT-DENIS,5,5ème circonscription,62186,16439,"26,44",45747,"73,56",2182,"3,51","4,77",43565,"70,06","95,23",28927,"46,52","66,4",14638,"23,54","33,6"
93006,93,SEINE SAINT-DENIS,6,6ème circonscription,49888,12440,"24,94",37448,"75,06",1516,"3,04","4,05",35932,"72,03","95,95",25911,"51,94","72,11",10021,"20,09","27,89"
93007,93,SEINE SAINT-DENIS,7,7ème circonscription,71259,17314,"24,3",53945,"75,7",2078,"2,92","3,85",51867,"72,79","96,15",38901,"54,59",75,12966,"18,2",25
93008,93,SEINE SAINT-DENIS,8,8ème circonscription,60088,11992,"19,96",48096,"80,04",2430,"4,04","5,05",45666,76,"94,95",24100,"40,11","52,77",21566,"35,89","47,23"
93009,93,SEINE SAINT-DENIS,9,9ème circonscription,66479,14677,"22,08",51802,"77,92",2178,"3,28","4,2",49624,"74,65","95,8",32980,"49,61","66,46",16644,"25,04","33,54"
93010,93,SEINE SAINT-DENIS,10,10ème circonscription,66958,15209,"22,71",51749,"77,29",2328,"3,48","4,5",49421,"73,81","95,5",30278,"45,22","61,27",19143,"28,59","38,73"
93011,93,SEINE SAINT-DENIS,11,11ème circonscription,62138,14982,"24,11",47156,"75,89",2343,"3,77","4,97",44813,"72,12","95,03",29430,"47,36","65,67",15383,"24,76","34,33"
93012,93,SEINE SAINT-DENIS,12,12ème circonscription,64355,13851,"21,52",50504,"78,48",2458,"3,82","4,87",48046,"74,66","95,13",25159,"39,09","52,36",22887,"35,56","47,64"
94001,94,VAL DE MARNE,1,1ère circonscription,82579,13953,"16,9",68626,"83,1",2957,"3,58","4,31",65669,"79,52","95,69",31212,"37,8","47,53",34457,"41,73","52,47"
94002,94,VAL DE MARNE,2,2ème circonscription,64987,13084,"20,13",51903,"79,87",2308,"3,55","4,45",49595,"76,32","95,55",32513,"50,03","65,56",17082,"26,29","34,44"
94003,94,VAL DE MARNE,3,3ème circonscription,70708,14469,"20,46",56239,"79,54",2907,"4,11","5,17",53332,"75,43","94,83",30033,"42,47","56,31",23299,"32,95","43,69"
94004,94,VAL DE MARNE,4,4ème circonscription,71755,12876,"17,94",58879,"82,06",2859,"3,98","4,86",56020,"78,07","95,14",27242,"37,97","48,63",28778,"40,11","51,37"
94005,94,VAL DE MARNE,5,5ème circonscription,85988,17484,"20,33",68504,"79,67",2842,"3,31","4,15",65662,"76,36","95,85",33266,"38,69","50,66",32396,"37,68","49,34"
94006,94,VAL DE MARNE,6,6ème circonscription,77938,13818,"17,73",64120,"82,27",2506,"3,22","3,91",61614,"79,06","96,09",32506,"41,71","52,76",29108,"37,35","47,24"
94007,94,VAL DE MARNE,7,7ème circonscription,63743,12130,"19,03",51613,"80,97",2382,"3,74","4,62",49231,"77,23","95,38",28561,"44,81","58,01",20670,"32,43","41,99"
94008,94,VAL DE MARNE,8,8ème circonscription,73752,13408,"18,18",60344,"81,82",2786,"3,78","4,62",57558,"78,04","95,38",28873,"39,15","50,16",28685,"38,89","49,84"
94009,94,VAL DE MARNE,9,9ème circonscription,53295,11727,22,41568,78,1836,"3,44","4,42",39732,"74,55","95,58",25760,"48,33","64,83",13972,"26,22","35,17"
94010,94,VAL DE MARNE,10,10ème circonscription,63300,13838,"21,86",49462,"78,14",2107,"3,33","4,26",47355,"74,81","95,74",33211,"52,47","70,13",14144,"22,34","29,87"
94011,94,VAL DE MARNE,11,11ème circonscription,59920,13242,"22,1",46678,"77,9",2199,"3,67","4,71",44479,"74,23","95,29",30170,"50,35","67,83",14309,"23,88","32,17"
95001,95,VAL D'OISE,1,1ère circonscription,78603,13646,"17,36",64957,"82,64",3480,"4,43","5,36",61477,"78,21","94,64",29971,"38,13","48,75",31506,"40,08","51,25"
95002,95,VAL D'OISE,2,2ème circonscription,73370,12767,"17,4",60603,"82,6",3072,"4,19","5,07",57531,"78,41","94,93",29355,"40,01","51,02",28176,"38,4","48,98"
95003,95,VAL D'OISE,3,3ème circonscription,87905,17042,"19,39",70863,"80,61",3592,"4,09","5,07",67271,"76,53","94,93",33896,"38,56","50,39",33375,"37,97","49,61"
95004,95,VAL D'OISE,4,4ème circonscription,72547,13809,"19,03",58738,"80,97",2907,"4,01","4,95",55831,"76,96","95,05",28315,"39,03","50,72",27516,"37,93","49,28"
95005,95,VAL D'OISE,5,5ème circonscription,68000,15991,"23,52",52009,"76,48",2419,"3,56","4,65",49590,"72,93","95,35",32127,"47,25","64,79",17463,"25,68","35,21"
95006,95,VAL D'OISE,6,6ème circonscription,74570,15050,"20,18",59520,"79,82",2648,"3,55","4,45",56872,"76,27","95,55",28686,"38,47","50,44",28186,"37,8","49,56"
95007,95,VAL D'OISE,7,7ème circonscription,67672,12822,"18,95",54850,"81,05",2284,"3,38","4,16",52566,"77,68","95,84",25839,"38,18","49,16",26727,"39,49","50,84"
95008,95,VAL D'OISE,8,8ème circonscription,51984,12307,"23,67",39677,"76,33",1621,"3,12","4,09",38056,"73,21","95,91",24807,"47,72","65,19",13249,"25,49","34,81"
95009,95,VAL D'OISE,9,9ème circonscription,67572,14507,"21,47",53065,"78,53",2918,"4,32","5,5",50147,"74,21","94,5",27560,"40,79","54,96",22587,"33,43","45,04"
95010,95,VAL D'OISE,10,10ème circonscription,62727,12459,"19,86",50268,"80,14",2548,"4,06","5,07",47720,"76,08","94,93",28964,"46,17","60,7",18756,"29,9","39,3"
ZA001,ZA,GUADELOUPE,1,1ère circonscription,73099,28503,"38,99",44596,"61,01",3442,"4,71","7,72",41154,"56,3","92,28",31005,"42,42","75,34",10149,"13,88","24,66"
ZA002,ZA,GUADELOUPE,2,2ème circonscription,81278,31428,"38,67",49850,"61,33",3439,"4,23","6,9",46411,"57,1","93,1",32754,"40,3","70,57",13657,"16,8","29,43"
ZA003,ZA,GUADELOUPE,3,3ème circonscription,76821,28863,"37,57",47958,"62,43",3204,"4,17","6,68",44754,"58,26","93,32",33045,"43,02","73,84",11709,"15,24","26,16"
ZA004,ZA,GUADELOUPE,4,4ème circonscription,66971,24073,"35,95",42898,"64,05",3209,"4,79","7,48",39689,"59,26","92,52",26933,"40,22","67,86",12756,"19,05","32,14"
ZB001,ZB,MARTINIQUE,1,1ère circonscription,76352,29346,"38,44",47006,"61,56",3713,"4,86","7,9",43293,"56,7","92,1",29489,"38,62","68,11",13804,"18,08","31,89"
ZB002,ZB,MARTINIQUE,2,2ème circonscription,81657,31171,"38,17",50486,"61,83",3581,"4,39","7,09",46905,"57,44","92,91",30930,"37,88","65,94",15975,"19,56","34,06"
ZB003,ZB,MARTINIQUE,3,3ème circonscription,65769,29062,"44,19",36707,"55,81",3023,"4,6","8,24",33684,"51,22","91,76",23161,"35,22","68,76",10523,16,"31,24"
ZB004,ZB,MARTINIQUE,4,4ème circonscription,78934,32185,"40,77",46749,"59,23",3275,"4,15","7,01",43474,"55,08","92,99",30947,"39,21","71,19",12527,"15,87","28,81"
ZC001,ZC,GUYANE,1,1ère circonscription,46297,19113,"41,28",27184,"58,72",1585,"3,42","5,83",25599,"55,29","94,17",15944,"34,44","62,28",9655,"20,85","37,72"
ZC002,ZC,GUYANE,2,2ème circonscription,30792,13875,"45,06",16917,"54,94",806,"2,62","4,76",16111,"52,32","95,24",9936,"32,27","61,67",6175,"20,05","38,33"
ZD001,ZD,LA REUNION,1,1ère circonscription,73763,21269,"28,83",52494,"71,17",2496,"3,38","4,75",49998,"67,78","95,25",32516,"44,08","65,03",17482,"23,7","34,97"
ZD002,ZD,LA REUNION,2,2ème circonscription,83906,22845,"27,23",61061,"72,77",3050,"3,64",5,58011,"69,14",95,43054,"51,31","74,22",14957,"17,83","25,78"
ZD003,ZD,LA REUNION,3,3ème circonscription,83657,21974,"26,27",61683,"73,73",3564,"4,26","5,78",58119,"69,47","94,22",40532,"48,45","69,74",17587,"21,02","30,26"
ZD004,ZD,LA REUNION,4,4ème circonscription,94760,23588,"24,89",71172,"75,11",3631,"3,83","5,1",67541,"71,28","94,9",48051,"50,71","71,14",19490,"20,57","28,86"
ZD005,ZD,LA REUNION,5,5ème circonscription,75636,22565,"29,83",53071,"70,17",2502,"3,31","4,71",50569,"66,86","95,29",37961,"50,19","75,07",12608,"16,67","24,93"
ZD006,ZD,LA REUNION,6,6ème circonscription,67697,19728,"29,14",47969,"70,86",2150,"3,18","4,48",45819,"67,68","95,52",33100,"48,89","72,24",12719,"18,79","27,76"
ZD007,ZD,LA REUNION,7,7ème circonscription,98936,24992,"25,26",73944,"74,74",3772,"3,81","5,1",70172,"70,93","94,9",50895,"51,44","72,53",19277,"19,48","27,47"
ZM001,ZM,MAYOTTE,1,1ère circonscription,35579,18108,"50,9",17471,"49,1",779,"2,19","4,46",16692,"46,92","95,54",9195,"25,84","55,09",7497,"21,07","44,91"
ZM002,ZM,MAYOTTE,2,2ème circonscription,41965,19154,"45,64",22811,"54,36",881,"2,1","3,86",21930,"52,26","96,14",9751,"23,24","44,46",12179,"29,02","55,54"
ZN001,ZN,NOUVELLE CALEDONIE,1,1ère circonscription,76238,31057,"40,74",45181,"59,26",1453,"1,91","3,22",43728,"57,36","96,78",13503,"17,71","30,88",30225,"39,65","69,12"
ZN002,ZN,NOUVELLE CALEDONIE,2,2ème circonscription,89100,33111,"37,16",55989,"62,84",1706,"1,91","3,05",54283,"60,92","96,95",22736,"25,52","41,88",31547,"35,41","58,12"
ZP001,ZP,POLYNESIE FRANCAISE,1,1ère circonscription,67433,27134,"40,24",40299,"59,76",8702,"12,9","21,59",31597,"46,86","78,41",14041,"20,82","44,44",17556,"26,03","55,56"
ZP002,ZP,POLYNESIE FRANCAISE,2,2ème circonscription,59401,26133,"43,99",33268,"56,01",922,"1,55","2,77",32346,"54,45","97,23",15462,"26,03","47,8",16884,"28,42","52,2"
ZP003,ZP,POLYNESIE FRANCAISE,3,3ème circonscription,60104,23489,"39,08",36615,"60,92",1000,"1,66","2,73",35615,"59,26","97,27",17230,"28,67","48,38",18385,"30,59","51,62"
ZS001,ZS,SAINT PIERRE ET MIQUELON,1,Saint-Pierre-et-Miquelon,4922,1531,"31,11",3391,"68,89",206,"4,19","6,07",3185,"64,71","93,93",2080,"42,26","65,31",1105,"22,45","34,69"
ZW001,ZW,WALLIS-ET-FUTUNA,1,1ère circonscription,8942,2104,"23,53",6838,"76,47",69,"0,77","1,01",6769,"75,7","98,99",3795,"42,44","56,06",2974,"33,26","43,94"
ZX001,ZX,SAINT-MARTIN/SAINT-BARTHELEMY,1,1ère circonscription,22686,12779,"56,33",9907,"43,67",415,"1,83","4,19",9492,"41,84","95,81",3851,"16,98","40,57",5641,"24,87","59,43"
ZZ001,ZZ,FRANCAIS DE L'ETRANGER,1,1ère circonscription,157958,97109,"61,48",60849,"38,52",1377,"0,87","2,26",59472,"37,65","97,74",27577,"17,46","46,37",31895,"20,19","53,63"
ZZ002,ZZ,FRANCAIS DE L'ETRANGER,2,2ème circonscription,73812,50074,"67,84",23738,"32,16",439,"0,59","1,85",23299,"31,57","98,15",11095,"15,03","47,62",12204,"16,53","52,38"
ZZ003,ZZ,FRANCAIS DE L'ETRANGER,3,3ème circonscription,89534,57361,"64,07",32173,"35,93",601,"0,67","1,87",31572,"35,26","98,13",16764,"18,72","53,1",14808,"16,54","46,9"
ZZ004,ZZ,FRANCAIS DE L'ETRANGER,4,4ème circonscription,97710,46947,"48,05",50763,"51,95",1116,"1,14","2,2",49647,"50,81","97,8",23273,"23,82","46,88",26374,"26,99","53,12"
ZZ005,ZZ,FRANCAIS DE L'ETRANGER,5,5ème circonscription,80802,49162,"60,84",31640,"39,16",715,"0,88","2,26",30925,"38,27","97,74",14411,"17,83","46,6",16514,"20,44","53,4"
ZZ006,ZZ,FRANCAIS DE L'ETRANGER,6,6ème circonscription,107077,52767,"49,28",54310,"50,72",1337,"1,25","2,46",52973,"49,47","97,54",19978,"18,66","37,71",32995,"30,81","62,29"
ZZ007,ZZ,FRANCAIS DE L'ETRANGER,7,7ème circonscription,89769,52319,"58,28",37450,"41,72",817,"0,91","2,18",36633,"40,81","97,82",20024,"22,31","54,66",16609,"18,5","45,34"
ZZ008,ZZ,FRANCAIS DE L'ETRANGER,8,8ème circonscription,109896,78347,"71,29",31549,"28,71",411,"0,37","1,3",31138,"28,33","98,7",11550,"10,51","37,09",19588,"17,82","62,91"
ZZ009,ZZ,FRANCAIS DE L'ETRANGER,9,9ème circonscription,98811,55036,"55,7",43775,"44,3",677,"0,69","1,55",43098,"43,62","98,45",26584,"26,9","61,68",16514,"16,71","38,32"
ZZ010,ZZ,FRANCAIS DE L'ETRANGER,10,10ème circonscription,93085,44133,"47,41",48952,"52,59",1122,"1,21","2,29",47830,"51,38","97,71",21370,"22,96","44,68",26460,"28,43","55,32"
ZZ011,ZZ,FRANCAIS DE L'ETRANGER,11,11ème circonscription,80125,40414,"50,44",39711,"49,56",1136,"1,42","2,86",38575,"48,14","97,14",16376,"20,44","42,45",22199,"27,71","57,55"